supermarket,size,vacuum
REWE,,ADIX
REWE,V03,AE 120
REWE,V05,DIV 170
REWE,V05,DIV 340
REWE,V05,DIV 350
REWE,V05,DIV 380
REWE,V05,DL 110
REWE,V06,MI 150
REWE,V01,MI 160
REWE,V01,MI 170
REWE,V05,QU 340
REWE,V02,SI 150
REWE,V02,SI 200
REWE,V02,SI 210
REWE,V04,UN 210
REWE,,AEG
REWE,V03,100 bis 199 Serie Smart
REWE,V03,100 bis 199 Serie Vampyrino
REWE,V03,1500 Vampyr
REWE,V03,"1600,1605,1610 Vampyr"
REWE,V03,1700 E Vampyr
REWE,V03,1803 bis 1805 Vampyr
REWE,V03,"1810, 1900, 1905 Vampyr"
REWE,V03,2002.1 Vampyr
REWE,V03,2300 Vampyr
REWE,V05,300 bis 399 Serie Smart
REWE,V03,"4110,4111,4120 Vampyr"
REWE,V03,5000 bis 5999 Vampyr
REWE,V03,920 Ecotec Vampyrino
REWE,V04,AAM 6100 bis 6160 AirMax
REWE,V04,AAM 6200 Öko - AirMax
REWE,V04,"AAM 6216, 6217"
REWE,V04,"AAM 6300 CD, 6324"
REWE,V04,AAM 7124 POW
REWE,V05,AB 3400 bis 3499 Berry
REWE,V04,Accurette / Plus
REWE,V03,ACE … Serie CE
REWE,V03,ACE 4112 Aventure
REWE,V04,ACS 1800 Classic Silence
REWE,V04,ACS GREEN Classic Silence Öko
REWE,V04,ACS ENERGY Classic Silence
REWE,V04,ACSG 1300 Classic Silence öko
REWE,V04,ACSPARKETT ClassicSilence
REWE,V05,AE 2000 Ergo Essence
REWE,V05,AE 2000 trio
REWE,V04,AE 305S5C Ergo Space
REWE,V05,AE 3400 bis 3499 Ingenio
REWE,V05,AE 3455
REWE,V05,AE 3460
REWE,V05,AE 4200 Ergo essence
REWE,V05,AE 4500 bis 4599 Serie - Ergo Essence
REWE,V05,AE 4594
REWE,V04,"AE 4620, 4622, 4640"
REWE,V03,"AE 6000, AE 6070 - Salomon"
REWE,V04,AEC Serie Clario
REWE,V05,AEG Serie Ergo Essence
REWE,V04,AEL Serie UltraOne
REWE,V04,AEO 5400 bis 5499 Essensio
REWE,V04,AEP Serie Pluto/Clario 2
REWE,V04,AEQ Serie Equipt
REWE,V04,AEQ10+ Equipt
REWE,V04,AEQ11+ Equipt
REWE,V04,AEQ12+ Equipt
REWE,V04,AEQ20+ Equipt
REWE,V04,AEQ25+ Equipt
REWE,V04,AES… Serie New Ergospace
REWE,V04,"AESG 300,301 Öko Ergospace"
REWE,V04,AET 7700 bis 7799 Twintech
REWE,V04,AG 8800 Öko - UltraOne
REWE,V04,Airmax AAM 6100 bis 6160 C
REWE,V04,Airmax AAM 6320 CD
REWE,V04,Airmax AAM öko 6200
REWE,V04,Airmax Serie AAM…
REWE,V04,AJG 6700 JetMaxx Öko
REWE,V04,AJG 6800 bis 6899 Jet maxx Öko
REWE,V04,AJM 6800 bis 6899 Jet maxx
REWE,V04,AJM 68FD 1 bis 9 Jet Maxx
REWE,V04,AM Serie Maximus (max 5L)
REWE,V04,AMX Serie Maximus (max 5L)
REWE,V04,AO… Oxygen+
REWE,V04,AOS Serie + Oxy3System
REWE,V04,AP 40 E
REWE,V04,AP 4040 Ergo Classic ALLFLOOR
REWE,V04,AP 4041 Ergo Classic ALLFLOOR
REWE,V04,AP 4042 Ergo Classic ALLFLOOR
REWE,V04,AP 40E Plus
REWE,V04,APF… Serie - PowerForce
REWE,V04,APORGIN Aero Performer
REWE,V04,APORGINEL Aero Performer
REWE,V04,ASP… Serie - SilentPerformer
REWE,V04,AUO 8815 bis 8870 UltraOne
REWE,V04,AUS 8230
REWE,V04,AUS Serie Ultra Silencer
REWE,V04,AUSG Serie Ultra Silencer
REWE,V04,AUSÖ 3000 UltraSilencer Öko
REWE,V04,AVC Serie - Viva Control
REWE,V03,Aventure ACE 4112
REWE,V04,AVQ Serie
REWE,V04,AVQ Serie - QS Elegance
REWE,V04,AVQ Serie - Viva Quickstop
REWE,V03,Car & Clean Vampyrino
REWE,V03,CE … Serie Vampyr
REWE,V03,CE Azzurro Vampyr
REWE,V03,CE Compact Vampyr
REWE,V03,CE Jubilee Vampyr
REWE,V03,CE Mega Power… Vampyr
REWE,V03,CE Mr. Big Vampyr
REWE,V03,CE Power trio Vampyr
REWE,V03,CE Power… Vampyr
REWE,V03,CE Powerline Vampyr
REWE,V03,CE Powerstar Vampyr
REWE,V03,CE Smart & Clean Vampyr
REWE,V03,CE Sprint Vampyr
REWE,V03,CE Trio Vampyr
REWE,V03,CE Turbo El Vampyr
REWE,V03,CE Ultra Power Vampyr
REWE,V03,CE Winner
REWE,V03,CE2000EL
REWE,V03,CE4120EL+
REWE,V03,CEANIMAL
REWE,V03,CEPW24TRE+
REWE,V04,Clario AEC 7570 bis AEC 7572
REWE,V04,Clario Serie AEC
REWE,V03,Colore Vampyrino
REWE,V03,Comfort 0…9 Serie Vampyr
REWE,V03,Compact EL (start 1996)
REWE,V03,Croma Vampyr
REWE,V03,Cyclone trio T2./...
REWE,V03,Duo Vampyr
REWE,V03,E 150 Vampyr
REWE,V03,E 160 Vampyr
REWE,V03,E 1700 Plus Vampyr
REWE,V03,"E 180,181 Vampyr"
REWE,V03,E 185 Vampyr
REWE,V03,E 190 Vampyr
REWE,V03,E 200 Turbo Vampyr
REWE,V03,Energy Saver CE 1400
REWE,V05,Ergo essence AE 4550 bis AE 4599
REWE,V05,Ergo Essence Serie AEG
REWE,V03,Europe 1st Vampyr
REWE,V03,Exquisit 1201 Vampyr
REWE,V03,Exquisit 1202 Vampyr
REWE,V03,Exquisit 1400EL Vampyr
REWE,V03,Exquisit 1500 Vampyr
REWE,V03,Exquisit 200 Vampyr
REWE,V03,Exquisit 217 Vampyr
REWE,V03,Exquisit 500 Vampyr
REWE,V03,Freshline Vampyr
REWE,V04,GR 200 bis 206
REWE,V04,GR 210
REWE,V04,GR 212
REWE,V03,GR 28
REWE,V03,AGR 5
REWE,V05,GR 50
REWE,V03,H 2000 Vampyr
REWE,V03,"H 2162, 2182 Vampyr"
REWE,V03,H 2202 Vampyr
REWE,V03,HH 2202 Vampyr
REWE,V04,JM Jet Maxx
REWE,V04,JMALLFLRLR
REWE,V03,K 2000 Vampyr
REWE,V03,K 3170 Vampyr
REWE,V03,K 3180 Vampyr
REWE,V03,K 3200 Vampyr
REWE,V03,K 4200 Vampyr
REWE,V03,Lemon Vampyr
REWE,V03,Luxor 1 Vampyr
REWE,V03,LX exclusiv Vampyrino
REWE,V04,Maximus Serie AM… (max.5l)
REWE,V04,Maximus Serie AMX… (max.5l)
REWE,V03,"Mega Power 2,3,5 Vampyr"
REWE,V03,MM 1700 Vampyr
REWE,V03,MM 1800 Vampyr
REWE,V03,MM 2000 Vampyr
REWE,V03,Öko - Vampyrino
REWE,V03,Öko Vampyrino
REWE,V04,Oxy3 System Serie AOS…
REWE,V04,P1 bis 999 System Pro
REWE,V03,Parketto Vampyr
REWE,V04,PowerForce ALLERGY & ANIMAL CARE
REWE,V04,PowerForce CLASSIC
REWE,V04,PowerForce ÖKO
REWE,V04,PowerForce Serie APF
REWE,V03,Powerstar - Vampyr
REWE,,…AEG
REWE,V03,Red Zac EL Vampyr
REWE,V03,Rosso Vampyr
REWE,V04,S-bag
REWE,V03,SCE 0 bis 3 Vampyr
REWE,V04,SilentPerformer ALLERGY & ANIMAL CARE
REWE,V04,SilentPerformer CLASSIC
REWE,V04,SilentPerformer ÖKO
REWE,V04,SilentPerformer Serie ASP
REWE,V03,Silverstar Vampyr
REWE,V03,Smart & Clean CE Serie
REWE,V03,Smart 100 bis 199 Serie
REWE,V05,Smart 300 bis 399 Serie
REWE,V03,Space Vampyrino
REWE,V04,Standard Bag
REWE,V03,Sun Vampyr
REWE,V04,System Pro P 1 bis P 999
REWE,V03,T2 Serie Cyclone Trio
REWE,V03,T2 Serie Twin Vampyr
REWE,V03,Trium
REWE,V04,Ultra Silencer Serie - AUS
REWE,V04,UltraOne ecoforce
REWE,V04,UltraOne Öko UOGREEN
REWE,V04,UltraOne Serie UO
REWE,V04,UltraOne UOALLFLOOR
REWE,V04,UltraOne UODELUX
REWE,V04,UltraOne UOECO
REWE,V04,UltraOne UOECOT
REWE,V04,UltraOne UOQUATTRO
REWE,V04,UltraSilencer Öko USGREEN
REWE,V04,UltraSilencer USALLFLOOR
REWE,V04,UltraSilencer USENERGY
REWE,V04,UltraSilencer USORGINDB
REWE,V03,"Vampyrino E, EC"
REWE,V03,"Vampyrino RX,S,SX"
REWE,V03,VCE Serie
REWE,V03,Veurope
REWE,V04,Viva control AVC Serie
REWE,V04,Viva Quickstop AVQ Serie
REWE,,AFK
REWE,V05,BS 1500
REWE,V05,BS 1600W
REWE,V05,BS 1800W
REWE,V05,BS 2000 W
REWE,V05,BS 2000 W.1
REWE,V05,BS 2000 W.14
REWE,V05,BS 2000 W.16
REWE,V05,BS 2000 W.18
REWE,V05,BS 2000 W.8
REWE,V05,BS 2000 W.9
REWE,V05,BS 2200 W.12
REWE,V05,BS 2200 W.3
REWE,V05,BS 2200 W.4
REWE,V05,BS 2300 W
REWE,V05,BS 2300 W.2DP
REWE,V05,BS 2300 WDP
REWE,V05,PS 1400 W.2 NE (>A)
REWE,V05,PS 1400 W.3 / NE
REWE,V05,PS 1600 W / NE
REWE,V05,PS 1600 W.1
REWE,V05,PS 1600 W.3
REWE,V05,PS 1600 W.3 NE
REWE,V05,PS 1600 W.4
REWE,V05,PS 1600 W.5 (>B)
REWE,V05,PS 1600W.6 / NE
REWE,V05,PS 1800 W
REWE,V05,PS 1800 W.1
REWE,V05,PS 1800 W.5 (>B)
REWE,,AKAI
REWE,V05,AV 1601 TH
REWE,V05,AV-1602 TH
REWE,V05,AXVC-5200 bis 5203
REWE,,AKIRA
REWE,V05,VC-R 1201
REWE,V05,VC-R 1205
REWE,V05,VC-R 1403
REWE,V05,VC-R 1406
REWE,,ALASKA
REWE,V05,BS 1230
REWE,V05,BS 1400
REWE,V05,"VC 1400, 1410"
REWE,V05,VC 1600
REWE,V05,VC 2000
REWE,V05,VC 2410 (max. 4 L)
REWE,V05,VC 2410 (max. 5 L)
REWE,V05,VC 2500
REWE,V05,VC 3700
REWE,,ALFATEC
REWE,V03,Alfa 300
REWE,V03,Alfa 400 E
REWE,,AMICA
REWE,V05,"VK 3011, 3012"
REWE,V05,VK 5011 bis 5014
REWE,,ARGOS
REWE,V05,VC-401
REWE,,BEEM
REWE,V05,M2.001 Power Buggy
REWE,V05,M3.001 Typhoon Turbo Clean
REWE,V05,VC-358 R Vulcano
REWE,V05,VC-D 5001 S Turboclean
REWE,,BESTRON
REWE,V05,A 2300 E
REWE,V05,A2010 E
REWE,V05,ABG 300
REWE,V05,ABG 500 WBE - Rondo
REWE,V05,ABG 700
REWE,V05,AS 1800 E
REWE,V05,D 1200 ECO
REWE,V05,DS 1800 S
REWE,V05,DS 2200 E
REWE,V05,DV 1250 S
REWE,V05,DV 1500 EC
REWE,V05,DV 1600 EC
REWE,V05,DV 1800 EP
REWE,V05,DV 2000 ES
REWE,V05,DVC 1400 S
REWE,V05,DVC 1500 ES
REWE,V05,DVC 1600 ES
REWE,V05,DVC 1700 E
REWE,V05,DVC 1810 E
REWE,V05,DVC 1820 E
REWE,V05,DVC 2000 E
REWE,V05,DYL 1500 E
REWE,V05,DYL 1600 E
REWE,,BIMATEK
REWE,V05,V 6718 SHB
REWE,,BLACK & DECKER
REWE,V05,VM 2020
REWE,,BLUESKY
REWE,V05,VC 4201
REWE,,BOB HOME
REWE,V05,2352
REWE,V05,2368
REWE,V05,2948
REWE,V05,2954
REWE,V05,2960
REWE,V05,2019
REWE,V05,2022
REWE,V05,2177
REWE,V05,2178
REWE,V05,2189
REWE,V05,2190
REWE,V05,2567
REWE,V05,2700 Condor
REWE,V05,FD 2019
REWE,,BOMANN
REWE,V05,BS 9010 CB
REWE,V05,BS 9011 CB
REWE,V05,BS 9015 CB
REWE,V05,BS 9020 CB
REWE,V05,BS 911 CB (>C)
REWE,V05,BS 961 CB
REWE,V05,BS 976 CB
REWE,V05,BS 980 CB (08/2007 bis )
REWE,V05,BS 985 CB
REWE,V05,BS 987 CB
REWE,V05,BS 988 CB
REWE,V05,CB 901... 993
REWE,V05,CB 901... 993
REWE,V05,"CB 917, 918"
REWE,V05,CB 925
REWE,V05,CB 926
REWE,V05,CB 929
REWE,V05,CB 940
REWE,V05,CB 941
REWE,V05,CB 942
REWE,V05,CB 948
REWE,V05,CB 949
REWE,V05,CB 957
REWE,,…BOMANN
REWE,V05,CB 962
REWE,V05,CB 965
REWE,V05,CB 966
REWE,V05,CB 969
REWE,V05,CB 991
REWE,,BONETTI
REWE,V05,VC-401
REWE,,BORK
REWE,V05,SHB 3119
REWE,V05,"SHB 3216, 5017"
REWE,V05,"SHB 5818, 5920"
REWE,V05,SHB 8022
REWE,V05,SHB/SCB 5317
REWE,V05,SHB/SCB 5318
REWE,V05,SHR 2516
REWE,V05,SMB 6514
REWE,V05,SMB 7516
REWE,,BOSCH
REWE,V02,BBS 1000 bis 1199 Casa
REWE,V02,BBS 2000 bis 2299 Alpha
REWE,V02,BBS 2400 bis 2999 Serie
REWE,V02,BBS 5000 bis 5999 Optima
REWE,V02,BBS 6000 bis 6309 Activa
REWE,V02,BBS 6310 bis 6399 Serie
REWE,V02,BBS 6400 bis BBS 6999
REWE,V02,BBS 7000 bis 7999 Compacta
REWE,V02,BBS 8000 bis 8999 Perfecta
REWE,V02,BBZ 41 FG
REWE,V02,BBZ 51 AFG
REWE,V02,BBZ 52 AFBC
REWE,V02,BBZ 52 AFG
REWE,V02,BBZ 6 AF 1
REWE,V02,BBZ 8 AF
REWE,V02,BGB 2 Serie
REWE,V02,BGL 2 Serie
REWE,V02,BGL 3 Serie
REWE,V02,BGL 35 Mov(e) Serie
REWE,V02,BGL 35 Serie
REWE,V02,BGL 4 Serie
REWE,V02,BSA 100 KA sphera
REWE,V02,BSA 2... Sphera
REWE,V02,BSA 3000 bis 3999
REWE,V02,BSB 2080
REWE,V02,BSC 1… Serie Casa
REWE,V02,BSD Serie sphera
REWE,V02,BSF 1... Ultra
REWE,V02,BSG 4... Terrossa
REWE,V02,BSG 6… Logo
REWE,V02,BSG 7…
REWE,V02,BSGL 2Move Serie
REWE,V02,BSGL 3… Serie
REWE,V02,BSGL 4… Serie
REWE,V02,"Typ D, E, F"
REWE,V02,Typ G
REWE,V02,Typ H
REWE,,BRAVO
REWE,V05,B 4212
REWE,,BUDGET
REWE,V05,TVC 2400
REWE,,CLATRONIC
REWE,V05,BS 1204
REWE,V05,BS 1204 bis 1205
REWE,V05,BS 1205
REWE,V05,BS 1207
REWE,V05,BS 1208
REWE,V05,BS 1210
REWE,V05,BS 1211
REWE,V05,BS 1212
REWE,V05,BS 1214
REWE,V05,BS 1215
REWE,V05,BS 1216
REWE,V05,BS 1217
REWE,V05,BS 1219
REWE,V05,BS 1220
REWE,V05,BS 1221
REWE,V05,BS 1223
REWE,V05,BS 1225
REWE,V05,BS 1226
REWE,V05,BS 1227
REWE,V05,BS 1232
REWE,V05,BS 1233
REWE,V05,BS 1235
REWE,V05,BS 1237
REWE,V05,BS 1238
REWE,V05,BS 1243
REWE,V05,BS 1245
REWE,V05,BS 1246
REWE,V05,BS 1254
REWE,V05,BS 1257 (08/2007 bis )
REWE,V05,BS 1262
REWE,V05,BS 1266
REWE,V05,BS 1267
REWE,V05,BS 1268
REWE,V05,BS 1271
REWE,V05,BS 1274
REWE,V05,BS 1279 (>C)
REWE,V05,BS 1288
REWE,V05,BS 1292
REWE,V05,BS 1296
REWE,V05,BS 1301
REWE,V05,BS 900 EST
REWE,V05,BS 901 EST
REWE,V05,BSS 1600
REWE,V05,Weasel BS 900
REWE,,CLEAN MAXX
REWE,V05,Duo Express JC611-200
REWE,V05,Eco Line (1159)
REWE,V05,Effizient Plus
REWE,V05,Energy Plus - 8924
REWE,V05,KPA11E-2
REWE,,CLEAN STAR
REWE,V05,2189
REWE,,CONCEPT
REWE,V05,"VP 9141, 9151"
REWE,V05,VP 9711 bis 9713
REWE,,CONDEL
REWE,V05,VC-H 4201
REWE,,ONS
REWE,,TRUCTA
REWE,V02,VC 6C1600
REWE,,DAEWOO
REWE,V05,RC-105
REWE,V05,RC-105 D
REWE,V05,RC-107
REWE,V05,RC-108
REWE,V05,RC-170
REWE,V05,RC-190
REWE,V05,RC-190(K)
REWE,V05,RC-2006
REWE,V05,RC-205
REWE,V05,RC-205 D
REWE,V05,RC-209
REWE,V05,RC-209 D
REWE,V05,RC-2500
REWE,V05,RC-406
REWE,V05,RC-407
REWE,V05,RC-450
REWE,V05,RC-5000 HM
REWE,V05,RC-550
REWE,V05,RC-605
REWE,V05,RC-605 D
REWE,V05,RC-609
REWE,V05,RC-609 D
REWE,V05,RC-705 D
REWE,V05,RC-805 A
REWE,V05,RCG 100 (>C)
REWE,,DAREL
REWE,V05,"QZ 11 B, QZ 12 B, Z (>B)"
REWE,V05,QZ 12 Z
REWE,,DE‘LONGHI
REWE,V05,XTD 2040
REWE,V05,XTD 2050 E
REWE,V05,XTD 2060 E
REWE,V05,XTD 2065 E
REWE,V05,XTD 2070 E
REWE,V05,XTD 3070 E
REWE,V05,XTD 3071 E
REWE,V05,XTD 3080 E/ET
REWE,V05,XTD 3081 E/ET
REWE,V05,XTD 3095 E
REWE,V05,XTD 3096 E
REWE,V05,XTH 170 E (>B)
REWE,V05,XTH 180 E (>B)
REWE,V05,XTH 200 E Cleos (>B)
REWE,V05,XTH 210 (>B)
REWE,V05,XTL 190 PE Xlence
REWE,V05,XTL 210 PE Xlence
REWE,V05,XTL 212 PET Xlence
REWE,V05,XTL 220 Serie Xlence
REWE,,DESINA
REWE,V05,5073251
REWE,V05,1600 E Titan/Silber
REWE,,…DESINA
REWE,V03,"BSS 1302 E, blau Max Mobil"
REWE,V05,BSS 1400 E blau metallic Max Mobil
REWE,V05,"BSS 1400 E, blau metallic Max Mobil"
REWE,V05,BSS 1400 rot Max Mobil
REWE,V05,"BSS 1400 space, silber Max Mobil"
REWE,V05,BSS 1401 E compact
REWE,V05,BSS 1601 E compact
REWE,V05,BSS duo 2000
REWE,V05,BSS Green Line Silence
REWE,V05,BSS Max Mobil 1400 rot
REWE,V05,BSS Red Line
REWE,V05,BSS Remote 1800
REWE,V05,BSS silence 1800 W
REWE,V05,BSS Wave 1400
REWE,V05,CH 108 1400 W
REWE,V05,CH 806
REWE,V03,Diamant 300
REWE,V02,Hippo
REWE,V05,JC 861 E
REWE,V05,JC 862 E
REWE,V05,Max mobil 1600 duo
REWE,V05,Max mobil power 1600 E
REWE,V02,VC 202
REWE,V05,VC 9902 E
REWE,V05,ZW 1012
REWE,,DIRT DEVIL
REWE,V05,BG-1 M 3200
REWE,V05,BG-2 M 3210
REWE,V05,DD 3201
REWE,V05,DD 3274
REWE,V05,DD 7014 Beat
REWE,V05,DD 7014 Popster
REWE,V05,DD 7070 - Rebel 72
REWE,V05,DD 7071 - Rebel 73
REWE,V05,DD 7114 - Capoera
REWE,V05,DD 7274 - Rebel 74
REWE,V05,DD 7275 - Rebel 75
REWE,V05,DD 7374 - Beat
REWE,V05,DD 7374 - Popster
REWE,V05,DD 7375 - Capoera
REWE,V05,DD 7700 - Rebel 70
REWE,V05,DD 7710 - Rebel 71
REWE,V05,DD 7770 - Rebel 77
REWE,V05,M 1405 Powerline
REWE,V05,M 1565 - Lifty
REWE,V05,M 1605 - Powerline
REWE,V05,M 1606 - Derby
REWE,V05,M 1608 - Derby
REWE,V05,M 1610 bis 1613 Energy
REWE,V05,M 1631 - Galaxxy
REWE,V05,M 1632 - Galaxxy
REWE,V05,M 1710 - Energy
REWE,V05,M 1800 - Energy
REWE,V05,M 1805 - Powerline
REWE,V05,M 1806 - Powerline
REWE,V05,M 1808 - Powerline
REWE,V05,M 1890 - Avanty
REWE,V05,M 1891 - Avanty
REWE,V05,M 1900 - Avanty
REWE,V05,M 2000 - Avanty
REWE,V05,"M 2012-1, 2012-5"
REWE,V05,M 2012-2
REWE,V05,M 2200 - Avanty
REWE,V05,M 3050 - Classic
REWE,V05,M 3055 - Classic
REWE,V05,M 3200 - Black Label
REWE,V05,M 3210 - Black Label
REWE,V05,M 3320
REWE,V05,M 7000 - Allegra
REWE,V05,M 7004
REWE,V05,M 7005
REWE,V05,M 7006 (>A)
REWE,V05,M 7009 - Paroly
REWE,V05,M 7010 - Bagline 2.8 P (>B)
REWE,V05,M 7011 - Skuppy
REWE,V05,M 7012 - Popster
REWE,V05,M 7013
REWE,V05,M 7017 - Mustang
REWE,V05,M 7018 (>A)
REWE,V05,M 7019 - Lifty
REWE,V05,M 7020 - Bagline 2.8 P
REWE,V05,M 7021-5 - Derby
REWE,V05,M 7023 - Rocco
REWE,V05,M 7025 - Bagline
REWE,V05,M 7030 - Bagline
REWE,V05,M 7050 - Fello & Friend Bag
REWE,V05,M 7055 - Bagline
REWE,V05,M 7059 - Bagline
REWE,V05,M 7060 - Bagline 2.6 i
REWE,V05,M 7066 - Cargo
REWE,V05,M 7070 - Bagline
REWE,V05,M 7075 - Vito 5.0
REWE,V05,M 7080 - Pico bello
REWE,V05,M 7098 - Fantasy
REWE,V05,M 7099 - Azury
REWE,V05,M 7100 - EQU
REWE,V05,M 7101 - EQU 2
REWE,V05,M 7103 - EQU 2
REWE,V05,M 7105 - EQU
REWE,V05,M 7109 - EQU 2
REWE,V05,M 7110 - Mustang
REWE,V05,M 7111 - Fello & Friend MT
REWE,V05,M 7118 - Matrixx
REWE,V05,M 7120 - EQU Silence
REWE,V05,M 7122 - EQU Silence
REWE,V05,M 7123 - EQU Silence BG
REWE,V05,M 8000 - Galileo
REWE,V05,M 8020 - R1
REWE,V05,M 8028 - R1
REWE,V05,M 8030 - R9
REWE,V05,M 8038 - R9
REWE,V05,M 8220 - R4
REWE,V05,M 8230 - R3
REWE,V05,M 8238 - R3
REWE,V05,MA 3050-1 Activity Control
REWE,,DOMO
REWE,V05,DO 72465
REWE,V05,DO 7261S
REWE,V05,Green Power
REWE,,DUNRITE
REWE,V05,DAA 039
REWE,,DURABRA
REWE,V05,BS 2000 W
REWE,V05,BS 2000 W.1
REWE,V05,BS 7702
REWE,V05,BS 7703
REWE,V05,PS 1800 W
REWE,,ECG
REWE,V05,VP 908
REWE,,EFBE (SCHOTT)
REWE,V05,BSS 2700
REWE,V05,BSS 3000 R
REWE,V05,BSS 500
REWE,V05,BSS 600
REWE,V05,BSS 8000 ECO
REWE,V05,KA VC 32
REWE,V05,KA VC 8
REWE,V05,SC BBS 2200
REWE,V05,SC BSS 1000 Cleano
REWE,V05,SC BSS 1100 Stilo
REWE,V05,SC BSS 1300 Maximo
REWE,V05,SC BSS 510/ RW
REWE,V05,SC BSS 7000 GW
REWE,V05,SC BSS 7700
REWE,V05,ST 100
REWE,V05,ST 28 BT
REWE,V05,ST 32 BT (09/2005 bis )
REWE,V05,ST 32 SW
REWE,V05,STS 300
REWE,V05,STS 3500
REWE,V05,X Power
REWE,,EIO
REWE,V05,Puro… Serie
REWE,V05,Sento 1600
REWE,V05,VC 2000 SW
REWE,,EL STAR
REWE,V05,S662
REWE,V05,S663
REWE,V05,S700
REWE,,ELECTROLUX
REWE,V04,5010 bis 5045 Silence
REWE,V05,"B Mondo, Mondo"
REWE,V03,Bolero Z 5003
REWE,V05,Dolphin Plus …
REWE,V03,Mega Boss …
REWE,V03,Power Plus
REWE,V03,Samba Z 5002
REWE,V03,Tango Z 5001
REWE,V05,The boss
REWE,V03,The Boss …
REWE,,…ELECTROLUX
REWE,V05,"U 5002, 5003"
REWE,V03,U2100 bis 2170
REWE,V04,UltraOne - UO Serie
REWE,V04,UltraOne - UO Serie
REWE,V04,UltraOne UOANIMAL
REWE,V04,UltraOne UOPOWER
REWE,V03,XIO …
REWE,V04,XXM … Maximus
REWE,V03,Z 1010 bis 1037
REWE,V04,Z 1900 bis 2095 Clario
REWE,V03,Z 2940 Filio
REWE,V03,Z 2950 Filio
REWE,V04,Z 3300 bis 3395 UltraSilencer
REWE,V05,Z 3480
REWE,V05,Z 3482 Ingenio
REWE,V04,Z 3920 bis 3990 UltraSilencer
REWE,V05,"Z 4105, 4106"
REWE,V03,"Z 4410, 4411, 4412"
REWE,V03,"Z 4430, 4431, 4432, 4435"
REWE,V03,Z 4490 bis 4499
REWE,V04,Z 4500 bis 4595 Bolido
REWE,V04,Z 5000 bis 5295 Excellio
REWE,V04,Z 5000 bis 5696 SmartVac
REWE,V05,"Z 5115, 5116"
REWE,V03,Z 5305 Filio
REWE,V04,Z 5500 bis 5695 Oxygen
REWE,V04,Z 5900 bis 5995 Oxygen
REWE,V03,Z 6050 Power Boost
REWE,V04,"Z 6200, 6201 Mondo Plus"
REWE,V04,Z 7320 bis 7399 Oxygen+
REWE,V04,Z 7510 bis 7549 Clario
REWE,V03,Z1905.1/2 Filio
REWE,V04,ZAM … AirMax
REWE,V03,ZCE 1800 CE Power
REWE,V03,ZCE 2200 CE Power
REWE,V04,ZCS … Classic Silence
REWE,V04,ZE … Ergospace
REWE,V04,ZE … New Ergospace
REWE,V04,ZEG … Ergospace Green
REWE,V04,ZEO… Essensio
REWE,V04,ZJG … JetMaxx Green
REWE,V04,ZJM … JetMaxx
REWE,V04,ZO … Oxy³system
REWE,V04,ZP … Clario2
REWE,V04,ZP … Ergomini
REWE,V04,ZT 7740 bis 7770
REWE,V04,ZUS … Ultra Silencer
REWE,V04,ZUSG … Ultra Silencer green
REWE,V04,ZV … VivaControl
REWE,V04,ZVQ … Viva Quickstop
REWE,V04,ZXM … Maximus
REWE,,ELITE
REWE,V05,NC 920
REWE,V05,VC 2000M
REWE,V05,VC 2200
REWE,,ELTA
REWE,V05,VC 301
REWE,V05,VC 302
REWE,V05,VC 400
REWE,,ELTROPA
REWE,V05,EBS 1400
REWE,V05,EBS 1401
REWE,,E-MATIC
REWE,V05,"E 930, E 952"
REWE,V05,K 029
REWE,V05,ST 018
REWE,,EMIDE
REWE,V05,BS 701
REWE,V05,BS 702
REWE,,ETA
REWE,V05,455 Jolly
REWE,V05,458 Viva
REWE,V05,460 O3
REWE,V05,466 Onyx
REWE,V05,468 Baggin
REWE,V05,471 Serie Silent
REWE,V05,472 Serie Dualic
REWE,V05,474 Galanto
REWE,V05,480 Dante
REWE,V05,481 Canto
REWE,V05,483 Violeta
REWE,,EUROPA STYLE
REWE,V05,BS 900
REWE,V05,BS 901
REWE,,EVGO
REWE,V05,EVC 3012
REWE,V05,EVC 4540
REWE,,EWT
REWE,V05,Sento 1600
REWE,,FAKIR
REWE,V05,20 06 805
REWE,V05,"2100, 2200, 2300 Emotion"
REWE,V05,"220, 240 - Action"
REWE,V05,24 22 805
REWE,V05,2400 Emotion
REWE,V05,2400 turbo Emotion
REWE,V05,A 160 / Öko Power
REWE,V05,A 220 - Prestige
REWE,V05,A 300 EL
REWE,V05,A 81
REWE,V05,A 90 / EL
REWE,V05,A 92 bis A 94
REWE,V05,"A1, A2 Prestige"
REWE,V05,Action 220
REWE,V05,Action 240
REWE,V05,B 180
REWE,V05,B 200
REWE,V05,B 220 - Prestige
REWE,V05,Basic 2000
REWE,V05,C 160
REWE,V05,C 160 EL
REWE,V05,C 240 Prestige
REWE,V05,E 240
REWE,V05,Hans
REWE,V05,Peter
REWE,V05,Red Vac Eco
REWE,V05,Theo
REWE,V05,Willi
REWE,,FIF
REWE,V05,BS 1400 bis BS 1403 Serie
REWE,V05,BS 6162
REWE,V05,EVC 450
REWE,V05,EVC 460
REWE,V05,KS 5123
REWE,V05,KS 6122
REWE,V05,WK 1400 A
REWE,V05,WK 1400 E
REWE,V05,WK 1400 EL
REWE,,GERMATIC
REWE,V05,BS-2000W
REWE,V05,BS-2000W.16
REWE,V05,BS-2000W.7
REWE,V05,BS-2200W.3
REWE,V05,BS-2200W.4
REWE,V05,BS-2300WDP
REWE,V05,BS-300 Eco
REWE,V05,PS-1600W NE
REWE,,GLOBUS
REWE,V05,M 2400 Maxima
REWE,,LBIN
REWE,,FAM
REWE,V05,403
REWE,V05,405
REWE,V05,410
REWE,V05,470
REWE,V05,479
REWE,V05,489
REWE,,GRONBACH
REWE,V03,B 6
REWE,V03,M 6 RC
REWE,,GRUNDIG
REWE,V05,Bodyguard VCC 3650
REWE,V05,Bodyguard VCC 4350
REWE,V05,Bodyguard VCC 4950
REWE,V05,Bodyguard VCC 5650
REWE,V05,Bodyguard VCC 5850
REWE,V05,Bodyguard VCC 7650
REWE,V05,Bodyguard VCC 9450
REWE,V05,Bodyguard VCC 9850
REWE,V05,Eco VCC 9851
REWE,V05,Type E - Hygiene Bag
REWE,V05,Type F - Hygiene Bag
REWE,V05,Type G - Hygiene Bag
REWE,,HAN
REWE,,SEATIC (
REWE,,OTTO)
REWE,V05,218.560
REWE,V05,218.648
REWE,V05,226.948
REWE,V05,230.453
REWE,V05,230.492
REWE,V05,230.799
REWE,V05,343.478
REWE,V05,387.294
REWE,V05,410.771
REWE,V05,416.043
REWE,V05,474.477
REWE,V02,476.122
REWE,V02,476.468
REWE,V05,487.608
REWE,V05,537.607
REWE,V05,566.935
REWE,V05,567.809
REWE,V05,650.348
REWE,V05,651.177
REWE,V05,702.496
REWE,V05,702.562
REWE,V05,702.582
REWE,V05,703.198
REWE,V05,708.409
REWE,V05,725.398
REWE,V05,727.707
REWE,V05,728.352
REWE,V04,732.326
REWE,V05,825.100
REWE,V05,825.625
REWE,V05,825.656
REWE,V05,843.175
REWE,V05,864.485
REWE,V05,881.855
REWE,V05,Dual Power
REWE,V05,Dust master 2000
REWE,V05,Eco-Line Premio 1400W (mit Korb)
REWE,V05,Eco-Line Premio 1400W (ohne Korb)
REWE,V05,Fresh 1800
REWE,V05,IX Vac 1600
REWE,V05,JCV 1600
REWE,V05,JCV-3001
REWE,V05,Power cCean 4000 Hepa
REWE,V05,Power Clean 1800
REWE,V05,Power Clean 3000
REWE,V05,Power Clean Plus 4000 Hepa
REWE,V05,Senator 2200 SL
REWE,V05,Sweety 1400 Watt
REWE,V05,VC 436E-22
REWE,V05,VC-H 4201E
REWE,V05,VC-H 4205
REWE,V05,VC-H 4601
REWE,V05,VC-H 4810 (mit Korb)
REWE,V05,VC-H 4810 (ohne Korb)
REWE,V05,VC-H 5003E
REWE,V05,VC-HT 5011ES
REWE,,HAUSMEISTER
REWE,V05,HM 2047
REWE,,HERU
REWE,V05,BS 13006
REWE,,HOLDEN
REWE,V05,OD-46
REWE,V05,OD-49
REWE,,HOLLAND ELECTRO
REWE,V05,C 112
REWE,V05,C 114
REWE,V05,LIL 1500 R
REWE,V05,LIL 1500 RD
REWE,V05,Lillij
REWE,V05,Lillij Powerpack
REWE,V05,Lillij... Serie (>B)
REWE,,HOME ELECTRIC
REWE,V05,BS 1601
REWE,,HOME ELECTRONICS
REWE,V05,C 112 M
REWE,V05,C 114 E
REWE,V05,C 114 M
REWE,V05,Delfin 1800 W
REWE,,HOOVER
REWE,V05,AC70_AC… Serie
REWE,V05,AC73_AC… Serie
REWE,V06,AT70 AT00… 100 Athos
REWE,V05,H 66
REWE,V06,H 72
REWE,V06,H 73
REWE,V05,S 9040 Dinamis
REWE,V05,SX 9540… 9560 Dinamis Serie
REWE,V06,TAT 0100… 2999 - Athos
REWE,,HUGIN
REWE,V03,HN 1400 Popsy
REWE,V03,"HN 1410, 1420 Coronell"
REWE,V03,Rolfy
REWE,V04,Stratus HN 7020
REWE,V04,Titan HN 7005
REWE,V04,Titan HN 7010
REWE,V04,Titan HN 7015
REWE,V03,XIO …
REWE,,HYUNDAI
REWE,V05,HVC 1580
REWE,V05,VC 003
REWE,,IDELINE
REWE,V05,1200 Compact
REWE,V05,140-001 Guldsegl
REWE,V05,140-008 Guldsegl
REWE,V05,640-031
REWE,V05,740-025 Compact
REWE,V05,740-026 Compact
REWE,V05,740-039 Monsun Midi
REWE,V05,740-048 Sirocco
REWE,V05,740-049 Sirocco
REWE,V05,740-067 Cyclone
REWE,V05,740-068 Atlantic
REWE,V05,740-073
REWE,V05,740-074 Breezy
REWE,V05,740-080 Viento
REWE,V05,740-084 Silence
REWE,V05,740-089 Opal
REWE,V05,740-090 Chinook
REWE,V05,740-091 Bora
REWE,V05,740-094 Forza 2000
REWE,V05,740-107
REWE,V05,740-108 Speedster
REWE,V05,740-109 Optimum
REWE,V05,740-114
REWE,V05,749-673
REWE,V05,JC-861 E / Compact
REWE,V05,Mistral Compact 1200
REWE,V05,Speed
REWE,V05,Vortex
REWE,V05,ZW100-40A
REWE,,INFINITY
REWE,V05,M7117-BG1 Silence
REWE,,INOTEC
REWE,V05,KS 6122
REWE,,IRIT
REWE,V05,IR-4030
REWE,,ITO
REWE,V05,VC 9915 E
REWE,V05,VC 9919 E
REWE,V05,VC 9923 E
REWE,V05,VC 9933 E
REWE,V05,VC 9935 E
REWE,V05,VC 9937 E
REWE,V05,VC 9939 E
REWE,,KALORIK
REWE,V05,BS 1410
REWE,V05,KA JU 1400
REWE,V05,KA VC 23
REWE,V05,KA VC 30
REWE,V05,KA VC 32
REWE,V05,KA VC 6
REWE,V05,KA VC 8
REWE,V05,KA VC 9
REWE,V05,TKG-VC 1008
REWE,V05,TKG-VC 1011
REWE,V05,TKG-VC 1012
REWE,V05,TKG-VC 1014
REWE,V05,TKG-VC 38
REWE,V05,VC 19 VCH 4801 E
REWE,V05,VC 34
REWE,V05,VC 37
REWE,,KAMBROOK
REWE,V05,KVC 1200
REWE,V05,KVC 1300
REWE,,KÄRCHER
REWE,V05,6414824
REWE,V05,6.414-824
REWE,V05,6.969-001
REWE,V05,TSC 505
REWE,V02,VC 5000 bis VC 5999
REWE,V02,VC 5000 bis 5999 Serie
REWE,,KAUFLAND
REWE,V05,CJ 032
REWE,V05,CJ 053
REWE,,KENNI (KODI)
REWE,V05,KST 27
REWE,,KENWOOD
REWE,V05,KS 3100
REWE,V05,KS 3200
REWE,,KHG
REWE,V05,"BS 2000 MT, 2001 MT"
REWE,,KINGLAKE
REWE,V05,JC 861 E
REWE,,KOENIC
REWE,V04,KVB 01-AE
REWE,V06,KVB 01-MI
REWE,V02,KVB 01-SB
REWE,V05,KVB 02-AE
REWE,V01,KVB 02-MI
REWE,V05,KVC 100
REWE,V05,KVC 200 Comfort
REWE,V05,KVC 700
REWE,,KRUPS
REWE,V02,923
REWE,V02,935
REWE,V02,915 bis 919
REWE,V02,927 bis 930 Compact
REWE,,LEHOFF
REWE,V05,K-145
REWE,,LERVIA (LIDL)
REWE,V05,KH 3158
REWE,V05,KH 94
REWE,,ELEC
REWE,,TRONICS
REWE,V05,RG-105
REWE,V05,TB-36
REWE,V05,TB-42
REWE,V05,Turbo 4000
REWE,V05,"V 4200, 4250"
REWE,V05,V 4400 Turbo Extra Serie
REWE,V05,"V-2600, 2620"
REWE,V05,V-982
REWE,V05,V-C 2940
REWE,V05,V-C 30**
REWE,V05,"V-C 424***, 425***, 426***, 427***"
REWE,V05,VC 4400
REWE,V05,"V-C 444***, 445***, 446***"
REWE,V05,V-C 4A51... 52
REWE,V05,"V-C 6161, V-C 6172"
REWE,V05,V-CB 472
REWE,V05,"V-CQ 362, 372, 382"
REWE,V05,V-CQ 962
REWE,V05,"VTC 3031, 3032, 3044"
REWE,,LINDHAUS
REWE,V03,Aria
REWE,,LIVENTA
REWE,V05,DAV-TST .... - LEU
REWE,V05,VAC-HYP ....-LEU
REWE,,LLOYDS
REWE,V05,.154/490
REWE,V05,.167/053
REWE,V05,.194/522
REWE,V05,.211/540
REWE,V05,.273/201
REWE,V05,.409/502
REWE,V05,.567/151
REWE,V05,.628/266
REWE,V05,.865/328
REWE,V05,.865/344
REWE,V05,.865/842
REWE,,MAGIC
REWE,V05,805
REWE,,MAGNIT
REWE,V05,RMV-1623
REWE,,MAJESTIC
REWE,V05,V-8610E4
REWE,,MARTA
REWE,V05,MT 1336
REWE,,MBO
REWE,V05,BS 1400 (>B)
REWE,V05,BS 1410 (>B)
REWE,V05,BS 1500 (>B)
REWE,,MEDION
REWE,V05,MD 41277
REWE,V05,MD 5729
REWE,V05,MD 5891
REWE,V05,MM 2668 - Mircomaxx
REWE,V05,MM 40635 Micromaxx
REWE,,MELISSA
REWE,V05,640-027 Cardon
REWE,V05,640-061 Sivana
REWE,V05,640-062 Titan
REWE,V05,640-121
REWE,V05,640-145 Elegance
REWE,V05,640-156
REWE,V05,640-167 Fleur/Flora
REWE,V05,640-197
REWE,V05,Safire 640-029
REWE,V05,VCC 16
REWE,,MIA
REWE,V05,BS 5612 Clean Master 2200
REWE,V05,BS 5615 Super Clean 1800
REWE,V05,BS 5621
REWE,V05,BS 868 Jambo
REWE,,MICROMAXX
REWE,V05,MD 5891
REWE,V05,MM 2668
REWE,V05,MM 40635
REWE,,MIELE
REWE,V01,30 Anniversary Sverige
REWE,V06,Accu nova + SAB
REWE,V01,Active Hepa
REWE,V01,Active Hepa de luxe
REWE,V01,Active Medical S 578
REWE,V01,Active Team
REWE,V01,Allergotec 2000
REWE,V01,Allergy Control 2000
REWE,V06,Allergy Control 2200
REWE,V01,Allergy Control 500
REWE,V06,Allergy Control 600
REWE,V01,Allergy Control 700
REWE,V06,Allergy Control 800
REWE,V01,Allergy Control Plus S 500
REWE,V06,Allergy Control Plus S 600
REWE,V01,Allergy Control S 300
REWE,V06,Allergy Control S 400
REWE,V06,Allergy Control S5
REWE,V01,Allergy Hepa
REWE,V01,Allergy Hepa 1800
REWE,V01,Allergy Hepa 700
REWE,V01,Allergy Hepa Plus
REWE,V06,Allergy Stop
REWE,V01,Allervac Hepa Plus
REWE,V06,Allervac S 400
REWE,V06,Allervac S 600
REWE,V01,Allervac S 718
REWE,V06,Allervac S 800
REWE,V06,Allervac Sensor
REWE,V01,Allervac Sensor 2000
REWE,V06,Allervac Sensor 5000
REWE,V01,Alu Limited Edition
REWE,V01,Alu Magic
REWE,V01,Aluminium
REWE,V06,Amaranth
REWE,V01,Ambiente Plus
REWE,V06,Ambiente S5
REWE,V06,Aniversario
REWE,V01,Anniversary 100
REWE,V01,Argento
REWE,V06,Ariel
REWE,V01,Artico
REWE,V06,Auto Eco 5000
REWE,V01,Automatic
REWE,V06,Automatic Hepa 5000
REWE,V06,Automatic S5
REWE,V06,Automatic TT 5000
REWE,V06,Avantage
REWE,V01,Baby Care 4000
REWE,V06,Baby Care 5000
REWE,V01,Baby Care S4
REWE,V06,Best Friend S5
REWE,V01,Best Parkett
REWE,V06,Big Cat & Dog
REWE,V01,Black Design
REWE,V01,Black Diamond
REWE,V06,Black Jewel
REWE,,…MIELE
REWE,V01,Black Magic
REWE,V01,Black Pearl
REWE,V01,Black Pearl 2000
REWE,V06,Black Pearl 5000
REWE,V01,Blue Clean 1900
REWE,V01,Blue Magic
REWE,V01,Blue Magic 2000
REWE,V06,Blue Moon + SES
REWE,V06,Blue Moon Plus
REWE,V01,Blue Star
REWE,V01,Blue Vert
REWE,V01,Brillant 2400
REWE,V01,Brillant 3500
REWE,V06,Brillant 4500
REWE,V01,Brillant 5600
REWE,V06,Brillant 6600
REWE,V01,Brillant 7600
REWE,V06,Brillant 8600
REWE,V01,Brillant Light - S8
REWE,V06,Brillant Light  XL - S8
REWE,V01,Calypso
REWE,V01,Capri
REWE,V01,Caramel 700
REWE,V06,CarCare S5
REWE,V01,CarCare S6
REWE,V06,Care Hepa
REWE,V06,Care System
REWE,V06,Caribic
REWE,V01,Cat & Dog 2000
REWE,V06,Cat & Dog 2200
REWE,V01,Cat & Dog 4000 / CH
REWE,V06,Cat & Dog 5000
REWE,V06,Cat & Dog 5000 Plus
REWE,V01,Cat & Dog 6000
REWE,V01,Cat & Dog 700
REWE,V06,Cat & Dog 800
REWE,V01,Cat & Dog Carpet - S6
REWE,V06,Cat & Dog Carpet - S8
REWE,V01,Cat & Dog CH
REWE,V01,Cat & Dog Hardfloor - S6
REWE,V06,Cat & Dog Hardfloor - S8
REWE,V06,Cat & Dog M.A.X.
REWE,V01,Cat & Dog Max 2000
REWE,V01,Cat & Dog Plus CH S 726
REWE,V06,Cat & Dog Plus CH S5
REWE,V01,Cat & Dog Plus S 500
REWE,V01,Cat & Dog S 516
REWE,V01,Cat & Dog S 6220
REWE,V01,Cat & Dog S4
REWE,V06,Cat & Dog S8
REWE,V06,Cat & Dog Special 5000
REWE,V01,Cat & Dog TT
REWE,V01,Cat & Dog TT 2000
REWE,V06,Cat & Dog TT 5000
REWE,V06,Cat & Dog Turbo
REWE,V06,Cat & Dog Turbo 5000
REWE,V01,Celebration
REWE,V01,CH S 712
REWE,V01,Champagne + SES
REWE,V06,Chili power
REWE,V06,Classic C1 EcoLine
REWE,V06,Classic C1 EcoLine Plus
REWE,V06,Classic C1 Hardfloor EcoLine
REWE,V06,Classic C1 Serie
REWE,V01,Classic SEB 217
REWE,V06,Clean C1 EcoLine
REWE,V06,Clean C1 EcoLine Plus
REWE,V06,Clean C1 Serie
REWE,V06,Clean Care
REWE,V06,Clean Control
REWE,V06,Clean Control 5000
REWE,V01,Clean Hepa
REWE,V01,Clean Parkett
REWE,V06,Clean Team (4 Rollen)
REWE,V01,Clean Team S 718
REWE,V01,Cleanteam 500
REWE,V01,Cleanteam Plus
REWE,V06,Comfort Care
REWE,V06,Comfort De Luxe 5000
REWE,V06,Comfort Plus S5
REWE,V01,Comfort S 381
REWE,V06,Comfort S5
REWE,V01,Comfort XL S 381
REWE,V06,Comfort XL S5
REWE,V01,Commodore
REWE,V01,Compact C1 Serie
REWE,V01,Compact C2 Allergy EcoLine
REWE,V01,Compact C2 Allergy EcoLine Plus
REWE,V01,Compact C2 EcoLine
REWE,V01,Compact C2 EcoLine Plus
REWE,V01,Compact C2 Excellence EcoLine
REWE,V01,Compact C2 Parquet EcoLine
REWE,V01,Compact C2 Serie
REWE,V01,Compact Exclusiv-Edition
REWE,V01,Compact Exclusive-Edition
REWE,V01,Compact S6
REWE,V01,Complete C1 Serie
REWE,V01,Complete C1 Serie Tango EcoLine
REWE,V01,Complete C1 Twister XL EcoLine
REWE,V06,Complete C2 Excellence EcoLine
REWE,V06,Complete C2 Serie
REWE,V06,Complete C2 Tango EcoLine
REWE,V06,Complete C3 Cat & Dog PowerLine
REWE,V06,Complete C3 Celebration EcoLine Plus
REWE,V06,Complete C3 Comfort EcoLine Plus
REWE,V06,Complete C3 Comfort Electro EcoLine
REWE,,Complete C3 Comfort Electro
REWE,V06,EcoLine Plus
REWE,V06,Complete C3 EcoLine
REWE,V06,Complete C3 EcoLine Plus
REWE,V06,Complete C3 Electro Plus EcoLine
REWE,V06,Complete C3 Excellence EcoLine
REWE,V06,Complete C3 Excellence Red EcoLine
REWE,V06,Complete C3 Excellence White EcoLine
REWE,V06,Complete C3 Parquet EcoLine
REWE,V06,Complete C3 PowerLine
REWE,V06,Complete C3 Serie
REWE,V06,Complete C3 Silence EcoLine
REWE,V06,Complete C3 Silence EcoLine Plus
REWE,V06,Complete C3 Special PowerLine
REWE,V06,Complete C3 Total Care EcoLine
REWE,V06,Complete C3 Total Care EcoLine Plus
REWE,V01,Cosmos
REWE,V01,Crystal S 524
REWE,V01,Crystal S 712
REWE,V06,Crystal S2
REWE,V06,Deep Clean
REWE,V01,Divani
REWE,V01,Divani & Co.
REWE,V01,Divani 700 S 712
REWE,V01,Divani S 712
REWE,V01,Duoflex 2000 S4
REWE,V01,Duoflex 4000
REWE,V06,Dynamic & Parkett & Hepa
REWE,V01,Easystretch S4
REWE,V06,Eco Avantage S5
REWE,V06,Eco Comfort + SEB 217
REWE,V06,Eco Comfort 5000
REWE,V06,Eco Comfort Parkett S5
REWE,V06,Eco Comfort S2
REWE,V06,Eco Comfort S5
REWE,V06,Eco Young Vision S5
REWE,V01,EcoFox S6
REWE,V06,Ecoline Green S5
REWE,V01,Ecoline Hepa S4
REWE,V06,Ecoline Hepa S5
REWE,V01,EcoLine Parkett S4
REWE,V06,EcoLine Parkett S5
REWE,V06,EcoLine S2
REWE,V01,EcoLine S4
REWE,V06,EcoLine S5
REWE,V01,EcoLine S6
REWE,V06,EcoLine S8
REWE,V01,EcoLine Silence S6
REWE,V06,EcoLine Silence S8
REWE,V01,EcoSilence S 6390
REWE,V06,EcoSilence S8
REWE,V01,Electronic 1400
REWE,V01,Electronic 1800
REWE,V01,Electronic 2000
REWE,V06,"Electronic 2200, 2210, 2300"
REWE,V01,Electronic 2500
REWE,V01,Electronic 2900
REWE,V01,Electronic 3000
REWE,V01,Electronic 3100
REWE,V01,Electronic 3200
REWE,V01,Electronic 3300
REWE,V01,Electronic 3400
REWE,V01,Electronic 3500
REWE,V01,Electronic 3600
REWE,V01,Electronic 3700
REWE,V01,Electronic 3800
REWE,V01,Electronic 3850
REWE,V01,Electronic 3900
REWE,V01,Electronic 4000 EcoLine
REWE,V06,Electronic 4100
REWE,V01,Electronic 4300
REWE,V01,Electronic 4310
REWE,V01,Electronic 4320
REWE,V01,Electronic 5100
REWE,V01,Electronic 5200
REWE,V06,Electronic 5500
REWE,V01,Electronic 5700
REWE,V06,Electronic 6100
REWE,V01,Electronic 6200
REWE,V01,Electronic 6300
REWE,,…MIELE
REWE,V01,Electronic 700
REWE,V01,Electronic 7000
REWE,V01,Electronic 7100
REWE,V01,Electronic 7700
REWE,V06,Electronic 8100
REWE,V06,Electronic 8300
REWE,V01,Electronic Parkett
REWE,V01,Electronic S 7000
REWE,V01,Electronic Softtouch
REWE,V06,Electronic Turbo
REWE,V06,Elite Parquet
REWE,V01,Elmatic
REWE,V06,Elna Allergy Control
REWE,V01,Elna Cat & Dog
REWE,V01,Esprit
REWE,V06,Euroclassic 2000
REWE,V01,Euroclassic 2100
REWE,V01,Euroclassic 2200
REWE,V01,Euroclassic 3300
REWE,V06,Europa
REWE,V01,Eurostar
REWE,V06,Excel Human
REWE,V01,Exclusive
REWE,V01,Exklusiv Edition S4
REWE,V06,Exklusiv Edition S5
REWE,V01,Expert
REWE,V01,Expert 1500
REWE,V01,Exquisit C
REWE,V01,Exquisit GTI
REWE,V01,Exquisit M
REWE,V06,Exquisit N
REWE,V01,Exquisit SE S 250
REWE,V06,Exquisit SE S 400
REWE,V06,Exquisit XE
REWE,V01,Exquisit XS
REWE,V06,Extender
REWE,V01,Facination S4
REWE,V01,Festival
REWE,V01,Filtrationguard
REWE,V06,Finlandia
REWE,V06,Fit for Holiday
REWE,V06,Flamenco
REWE,V01,Flamenco 2000
REWE,V01,Flamenco II
REWE,V06,Flexi Vac
REWE,V01,Floorcare
REWE,V01,Freestyle CH
REWE,V06,Freetime Cherry
REWE,V06,Freetime Fresh
REWE,V06,Freetime Lagoon
REWE,V01,Fuchsia
REWE,V06,Gala Grande XL S5
REWE,V06,Gala S5
REWE,V06,Goal
REWE,V01,Gold
REWE,V01,Gold 2000
REWE,V01,Gold Edition S4
REWE,V01,Gold Horizon
REWE,V01,Gold Limited Edition
REWE,V01,Gold Metallic Power
REWE,V06,Gold Special
REWE,V01,Gr. F/J/M
REWE,V06,Gr. G/N
REWE,V06,Gr. H
REWE,V01,Graphite
REWE,V06,Graphite 2100
REWE,V01,Graphito
REWE,V06,Green Magic
REWE,V01,Green Magic 2000
REWE,V01,Green Star 1900
REWE,V01,Gruenes Kreuz
REWE,V01,Hard Floor
REWE,V06,Haus & Co. 5000
REWE,V01,Haus & Co. 700
REWE,V06,Haus & Co. S8
REWE,V01,HEPA S 6230
REWE,V06,Hepa-Filter
REWE,V06,Home Care S5
REWE,V06,Home Care S8
REWE,V01,Hybrid
REWE,V01,Hygienic Power S 718
REWE,V01,Indian Summer
REWE,V01,Indigo
REWE,V01,Indigo S 571
REWE,V01,Indigo S 744
REWE,V01,Indigo XT Power 2300
REWE,V01,Indigo Xtra Power 2100
REWE,V01,Jazz
REWE,V01,Jazz Plus
REWE,V06,Jubilee
REWE,V06,Jubileum
REWE,V01,Limited Edition
REWE,V01,M.A.X.
REWE,V01,Magic Blue 700
REWE,V01,Magic Mint 700
REWE,V01,Mango 1900
REWE,V01,Matchwinner
REWE,V01,Medicair 4000 Plus
REWE,V06,Medicair 5000
REWE,V06,Medicair 5000 Plus
REWE,V01,Medicair 700
REWE,V01,Medicair 700 Plus
REWE,V06,Medicair 800
REWE,V06,Medicair 800 Plus
REWE,V06,Medicair Plus 5000
REWE,V01,Medicair Plus CH S 748
REWE,V06,Medicair Plus CH S5
REWE,V01,Medicair Plus S 700
REWE,V06,Medicair Plus S 800
REWE,V01,Medicair Plus S4
REWE,V01,Medicair Plus S6
REWE,V06,Medicair S5
REWE,V06,Medicair S8
REWE,V01,Medivac S 300
REWE,V06,Medivac S 400
REWE,V01,Medivac S 518
REWE,V01,Mercury
REWE,V06,Meteor
REWE,V01,Meteor A
REWE,V06,Meteor BL
REWE,V06,Meteor BXL
REWE,V01,Meteor C
REWE,V01,Meteor C1
REWE,V01,Meteor C2
REWE,V01,Meteor C2 S
REWE,V01,Meteor G
REWE,V01,Meteor GT
REWE,V06,Meteor I
REWE,V01,Meteor M
REWE,V01,Meteor ME
REWE,V01,Meteor Plus
REWE,V01,Meteor S
REWE,V06,Meteor SE
REWE,V06,Meteor SL
REWE,V06,Meteor XL
REWE,V01,Mixtura
REWE,V06,Mondia (Boden)
REWE,V06,Mondia 1500
REWE,V01,Mondia C
REWE,V06,Mondia D
REWE,V01,Mondia JS
REWE,V06,Mondia LX
REWE,V01,Mondia M
REWE,V01,Mondia MX
REWE,V06,Mondia N
REWE,V01,Mondia RS
REWE,V01,Mondia S
REWE,V01,Mondia SX
REWE,V01,Mondia TS
REWE,V01,Monte Verde
REWE,V01,Moonlight
REWE,V01,Mystic Grey
REWE,V01,Naturell
REWE,V01,Noblesse
REWE,V01,Novostar
REWE,V01,Oceanito
REWE,V06,Oceo Plus S5
REWE,V06,Oeco
REWE,V01,Omnia
REWE,V01,Omnia Plus
REWE,V01,Omnia Silence Plus
REWE,V06,Opal
REWE,V01,Opera CH
REWE,V01,Pacific Power
REWE,V01,Parkett & Co. + STB
REWE,V01,Parkett & Co. 1800
REWE,V01,Parkett & Co. 2000
REWE,V01,Parkett & Co. 4000
REWE,V01,Parkett & Co. 500
REWE,V06,Parkett & Co. 5000
REWE,V06,Parkett & Co. 5000 XL
REWE,V01,Parkett & Co. 6000
REWE,V01,Parkett & Co. 700
REWE,V06,Parkett & Co. 800
REWE,V06,Parkett & Co. Plus
REWE,V01,Parkett & Co. S4
REWE,V06,Parkett & Co. S8
REWE,V01,Parkett 700
REWE,V01,Parkett Hepa
REWE,V01,Parkett Plus
REWE,V01,Parkett Power
REWE,V01,Parkett S 371
REWE,V01,Parkett S 381
REWE,V01,Parkett S 711
REWE,V01,Parkett Team
REWE,V06,Parquet & Co. Plus
REWE,,…MIELE
REWE,V01,Parquet 2000
REWE,V06,Parquet 2200
REWE,V01,Parquet 500
REWE,V01,Parquet 700
REWE,V06,Parquet 800
REWE,V06,Parquet CH
REWE,V01,Parquet CH S4
REWE,V01,Parquet S 6210
REWE,V06,Parquet S 834
REWE,V01,Parquet S4
REWE,V06,Parquet S5
REWE,V01,Parquet Special - S 771
REWE,V06,Parquet Special - S8
REWE,V06,Parquet XXL
REWE,V01,Passion
REWE,V01,Pastelito
REWE,V01,Pearl Metallic Power
REWE,V01,Peppermint
REWE,V01,Peppermint Plus
REWE,V01,Performance 2100
REWE,V01,Performance 2300
REWE,V01,Performance 2500
REWE,V01,Platinum
REWE,V01,Platinum Metallic Power
REWE,V01,Platinum Silence
REWE,V01,Plus
REWE,V01,Power
REWE,V01,Power 1400
REWE,V01,Power 1500
REWE,V01,Power 1600
REWE,V01,Power 1800
REWE,V01,Power Max
REWE,V06,Premio Plus S5
REWE,V06,Premio S5
REWE,V01,Premium + SEB 236
REWE,V06,Premium 5000
REWE,V06,Premium 8000
REWE,V06,Premium Edition S 5481
REWE,V06,Premium Edition S 5781
REWE,V01,Premium Edition S 6210
REWE,V01,Premium Edition S 6260
REWE,V01,Premium Edition S4
REWE,V06,Premium Edition S5
REWE,V01,Premium S4
REWE,V06,Premium S5
REWE,V01,Primavera S 712
REWE,V01,Primavera S4
REWE,V06,Primavera S5
REWE,V06,Professionist
REWE,V06,Profi
REWE,V01,PureAir S6
REWE,V06,PureAir S8
REWE,V01,Raffinesse
REWE,V01,Red Magic
REWE,V01,Red Moon
REWE,V06,Red Passion CH
REWE,V06,Red Pearl
REWE,V01,Red Star
REWE,V01,Red Velvet
REWE,V01,Red Zac
REWE,V01,Remote Control Hepa
REWE,V06,Revolution
REWE,V01,Revolution 2000
REWE,V01,Revolution 500
REWE,V06,Revolution 5000
REWE,V06,Revolution 600
REWE,V01,Revolution 700
REWE,V06,Revolution Power Plus 5000
REWE,V06,Revolution Power Plus S5
REWE,V01,Rosito
REWE,V06,Rosso CH
REWE,V01,Royal Blue
REWE,V01,Rubin
REWE,V01,Rubin 1400l
REWE,V01,Ruby
REWE,V06,S 2000... S 2999
REWE,V06,S 227 i... S 240 i
REWE,V06,S 230
REWE,V01,S 241 i... S 256 i
REWE,V06,S 269 i... S 282 i
REWE,V01,S 290... S 299 Serie
REWE,V01,S 300 i... S 399 i Serie
REWE,V06,S 400 i... S 499 i Serie
REWE,V01,S 4000... S 4999 Serie
REWE,V01,S 500... S 599 Serie
REWE,V06,S 5000... S 5999 Serie
REWE,V06,S 600… 699 Serie
REWE,V01,S 6000… 6999 Serie
REWE,V01,S 700... S 799 Serie
REWE,V06,S 800... S 899 Serie
REWE,V06,S 8000... 8999 Serie
REWE,V01,S2 - S 2000... 2999 Serie
REWE,V06,S4 Fascination
REWE,V01,Salsa
REWE,V06,Samba S 270
REWE,V01,Samba S 300
REWE,V06,Saphir
REWE,V06,Sapphire
REWE,V06,Select Cat & Dog
REWE,V06,Select Clean Parquet
REWE,V06,Select Comfort
REWE,V06,Select Parquet
REWE,V01,Senator (Boden)
REWE,V01,Senator 1400 C Special
REWE,V01,Senator 1500 C
REWE,V01,Senator 1600 CL
REWE,V01,Senator 1600 SL
REWE,V01,Senator CL
REWE,V01,Senator CS
REWE,V06,Senator GL
REWE,V06,Senator GL Automatic
REWE,V06,Senator LX
REWE,V06,Senator Parquet
REWE,V06,Senator Plus
REWE,V06,Senator S
REWE,V06,Senator SE
REWE,V01,Senator SL
REWE,V01,Seventy-Five
REWE,V01,Siena
REWE,V06,Silence Plus S8
REWE,V06,Silent
REWE,V01,Silent & Compact 6000
REWE,V01,Silver
REWE,V01,Silver Bird CH
REWE,V01,Silver Magic
REWE,V01,Silver Moon
REWE,V01,Silver Power
REWE,V01,Silver Shadow
REWE,V06,Silverstar S 280
REWE,V01,Silverstar S 300
REWE,V06,Silverstar S 400
REWE,V01,Sinna
REWE,V01,Smaragd
REWE,V01,Smaragd Plus
REWE,V01,Soft Blue 700
REWE,V01,Soft Green 700
REWE,V01,Soft Red
REWE,V01,Soft Red 2300
REWE,V06,Soft Satin S846
REWE,V06,Soft Silver
REWE,V01,Soft Silver 700
REWE,V01,Solaris
REWE,V01,Solaris Electro Plus
REWE,V01,Solaris Turbo Plus
REWE,V01,Solution
REWE,V01,Solution 2000
REWE,V01,Solution 500
REWE,V06,Solution Hepa 5000
REWE,V06,Solution Hepa 5281
REWE,V01,Solution Hepa 700
REWE,V01,Solution Hepa S 388
REWE,V01,Solution Hepa TT 2000
REWE,V06,Solution Plus
REWE,V01,Sonata
REWE,V06,Special S 5781
REWE,V01,Special S4
REWE,V06,Special S5
REWE,V06,Special S8
REWE,V06,Special Turbo
REWE,V06,Standard
REWE,V01,Starlight S 712
REWE,V01,Steel Design
REWE,V01,Summertime
REWE,V01,Sunflower (3 R.)
REWE,V06,Sunflower (4 R.)
REWE,V01,Sunshine
REWE,V01,Superior 1400
REWE,V01,Superior 1450
REWE,V01,Superior 1500
REWE,V01,Superior 1550
REWE,V01,Superior 1600
REWE,V06,Superior 5000
REWE,V01,Tango
REWE,V01,Tango Black Edition S 381
REWE,V01,Tango Plus
REWE,V01,Tango Premium-Edition
REWE,V01,Teallite Blue
REWE,V01,Team Spirit
REWE,V01,The Solution 500
REWE,V01,Timber Parquet
REWE,V01,Titanium
REWE,,…MIELE
REWE,V01,Top Model
REWE,V01,Topas
REWE,V01,Topas Plus
REWE,V01,Torino
REWE,V01,Total Care
REWE,V01,Total Care 2000
REWE,V06,Total Care 5000
REWE,V01,Tropic
REWE,V01,Turbo Plus
REWE,V01,Turbo Power 2300
REWE,V01,Turbo Power 2500
REWE,V01,Turbo S4
REWE,V01,Turbo Star 300
REWE,V01,Turbo Team
REWE,V01,Turbo Team 2000
REWE,V01,Turbo Team 300
REWE,V01,Turbo Team 700
REWE,V01,Turbo Team Plus
REWE,V01,Twister
REWE,V06,UniQ S8
REWE,V01,Vanilla Power
REWE,V01,Venezia
REWE,V06,Vital Lagoon
REWE,V06,Vital Silver
REWE,V06,Vital Sun
REWE,V06,Vital Tropic
REWE,V06,Vitality Clean Comfort S5
REWE,V06,Vitality S5
REWE,V06,Weltstar 1100
REWE,V06,Weltstar 1200
REWE,V01,Weltstar 1400
REWE,V01,Weltstar 2100
REWE,V01,Weltstar Rubin 1400
REWE,V06,White pearl
REWE,V01,White Pearl 300
REWE,V06,White Pearl XXL
REWE,V01,White Star
REWE,V06,Wildrose
REWE,V01,XS Corail
REWE,V01,XS Parkett
REWE,V01,XS Topaze
REWE,V01,Xtra Care
REWE,V01,Xtra Power 2100
REWE,V06,Xtra Power 2100 XL
REWE,V01,Xtra Power 2300
REWE,V01,Xtra Power 2500
REWE,V06,Xtra Power 5000
REWE,V06,Xtra Power XL
REWE,V06,XXL 2000
REWE,V06,XXL Care Hepa
REWE,V06,XXL S 812
REWE,V01,Yellow 500
REWE,V01,Yellow Star
REWE,V01,Young Style S4 CH
REWE,V06,Young Style S5 CH
REWE,V06,Young Vision S5 Ecoline
REWE,,MIO STAR
REWE,V04,4600
REWE,V04,4700
REWE,V04,4800
REWE,V04,4810
REWE,V04,4900
REWE,V04,7800… 7801
REWE,V04,7901
REWE,V04,8700
REWE,V04,8900
REWE,V04,8910
REWE,V05,Amigo
REWE,V05,Blue
REWE,V05,Chetah
REWE,V03,HN 2000 Bunny
REWE,V04,HN 6500
REWE,V04,HN 6900
REWE,V04,HN 7500
REWE,V05,Nuba
REWE,V05,Ocean
REWE,V05,Starfish
REWE,V05,V 750
REWE,V04,VAC 100
REWE,V04,VAC 200
REWE,V04,VAC 3000 Eco
REWE,V03,VAC 3600
REWE,V04,VAC 7600
REWE,V04,VAC 7700
REWE,V04,VAC 8800
REWE,V04,VAC White
REWE,V05,White Elephant
REWE,,MISTRAL
REWE,V05,Compact 1200
REWE,,MORGAN‘S
REWE,V05,Cyclone 1350 B
REWE,,MPM
REWE,V05,"BSS 1600, 2014"
REWE,V05,V 8505
REWE,V05,VH 4601E - Focus
REWE,,MULTITEC (NORMA)
REWE,V05,BSS 1600
REWE,V05,BSS 2014
REWE,,MY EDITION
REWE,V05,VC 103137.4
REWE,V05,VC 103919.4
REWE,,NIKKO
REWE,V05,VC 1514
REWE,,NILFISK
REWE,V05,"A100, 200"
REWE,V05,Action Plus…
REWE,V05,"Aktion…, Astral…, Bravo…"
REWE,V05,C 10 Compact
REWE,V05,"C 110, 118, 120"
REWE,V05,"C 15, 18, 20"
REWE,V05,"C 210, 218, 220, 230"
REWE,V05,COUPÉ …
REWE,V05,"Force 60, 66"
REWE,V05,GM 100 Sprint Plus
REWE,V05,GM 160 Astral
REWE,V05,GM 170 Astral
REWE,V05,"GM 60, 62, 64 ,65"
REWE,V05,GO …
REWE,,NOVAMATIC
REWE,V05,KST 1000
REWE,V05,KST 615 E
REWE,V05,STS 716 E
REWE,V05,STS 718 Prince
REWE,V05,STS 725 E
REWE,,NUMATIC
REWE,V05,Harry - Serie
REWE,V05,Henry - Serie
REWE,V05,Hetty - Serie
REWE,V05,James - Serie
REWE,V05,NVH180-1
REWE,,OBH NORDICA
REWE,V05,7215
REWE,V05,7274
REWE,V05,7290
REWE,V05,7515
REWE,V05,"7200, 7205"
REWE,V05,"7208, 7209"
REWE,V05,"7210, 7230, 7240"
REWE,V05,"7246, 7248"
REWE,V05,"7252, 7256, 7257"
REWE,V05,OVC 205
REWE,,OMEGA
REWE,V05,Beryll 2000
REWE,V05,Beryll 2000 plus
REWE,V05,BSS 19
REWE,V05,BSS 21
REWE,V05,BSS 23
REWE,V05,BSS 24
REWE,V05,BSS 25
REWE,V05,BSS 26
REWE,V05,Classic… - Serie
REWE,V05,Compact BSS 1600 E
REWE,V05,Compact BSS 1800 E
REWE,V05,Manoa electronic
REWE,V05,Opal… - Serie
REWE,V05,Practic… - Serie
REWE,V05,Rubin… - Serie
REWE,V05,Topas… - Serie
REWE,V05,Vision… - Serie
REWE,,PHILIPS
REWE,V04,Animal Care - Specialist
REWE,V04,Barcelone - City Line
REWE,V04,Berlin City Line
REWE,V04,Carpet - Serie Specialist
REWE,V04,Chicago - City Line
REWE,V04,City Line…
REWE,V04,Control - Specialist
REWE,V05,Economy
REWE,V04,FC 8020 green
REWE,V04,FC 8021/…
REWE,,…PHILIPS
REWE,V04,FC 8022/…
REWE,V04,FC 8023/...
REWE,V04,FC 8027/...
REWE,V04,FC 8130... 8139 Easy Life
REWE,V04,FC 8200... 8219 Gemini
REWE,V04,FC 8220... 8239 Smallstar
REWE,V05,FC 8291 CompactGo
REWE,V04,FC 8320... 8326 PowerLife
REWE,V04,FC 8370… 8379 Performer Compact
REWE,V04,FC 8380... 8399 Impact
REWE,V04,FC 8400... FC 8499 City Line
REWE,V04,FC 8450... 8459 Powerlife
REWE,V04,FC 8520... 8526 Performer Active
REWE,V04,FC 8600... 8649 Expression
REWE,V04,FC 8650... 8660 Performer Active
REWE,V04,FC 8720... 8728 Performer Expert
REWE,V04,FC 8910... 8919 Home hero
REWE,V04,FC 9000... 9049 Universe
REWE,V04,FC 9050... 9079 Jewel
REWE,V04,FC 9080... 9099 Studio Power
REWE,V04,FC 9100... 9149 Specialist
REWE,V04,FC 9150... 9179 Performer
REWE,V04,FC 9180... 9197 Performer Pro
REWE,V04,FC 9300... 9312 Silence Star
REWE,V04,Fuchsia
REWE,V05,Geneva (Beutel)
REWE,V04,Geneva City Line
REWE,V05,HR 6325... 6339 Serie
REWE,V05,HR 6995
REWE,V04,HR 6999
REWE,V04,HR 8300...  8349 Expression
REWE,V04,HR 8350... 8367 Impact
REWE,V04,HR 8368... 8378 City Line
REWE,V04,HR 8500... 8599 Impact
REWE,V04,HR 8500... 8599 MobiloPlus
REWE,V04,Hygiene Specialist
REWE,V04,Impact Excel
REWE,V04,Melbourne - City Line
REWE,V04,Miami - City Line
REWE,V04,Milano - City Line
REWE,V04,New York- City Line
REWE,V04,Oslo - City Line
REWE,V04,Paris - City Line
REWE,V04,Reach & Clean Specialist
REWE,V04,Rio - City Line
REWE,V04,Roma - City Line
REWE,V04,S-bag
REWE,V04,Singapur - City Line
REWE,V04,Sydney - City Line
REWE,V04,Sydney (Beutel)
REWE,V04,Tokyo - City Line
REWE,V04,Transparent Bonny Blue
REWE,V04,Wild Lime
REWE,,PHOENIX
REWE,V05,VC 4820
REWE,V05,VC 6920
REWE,,POLAR
REWE,V05,"VC 1401, 1403"
REWE,V05,VC 1701
REWE,,POLARIS
REWE,V05,PVC 1409
REWE,V05,PVC 1602
REWE,,OWER
REWE,,KING
REWE,V05,CM-881-J
REWE,,PRIMERA
REWE,V05,BS 1600
REWE,V05,EVC 011
REWE,V05,EVC 097
REWE,V05,EVC 106
REWE,V05,EVC 133
REWE,V05,EVC 189
REWE,V05,KS 2006
REWE,V05,Primo VC 3
REWE,,PRIMO
REWE,V05,VC-11
REWE,V05,VC-13
REWE,V05,VC-3
REWE,,PRIMOTECQ
REWE,V05,Big Style Silver
REWE,V05,HEPA 2000 W
REWE,V05,KST 640
REWE,,PRINCESS
REWE,V05,Black Panther 332826
REWE,V05,Red Fox 332825
REWE,,IVILE
REWE,,G (QUELLE)
REWE,V05,040 549
REWE,V02,063 872
REWE,V02,065 095
REWE,V02,065 651
REWE,V02,065 812
REWE,V02,065 992
REWE,V02,066 952
REWE,V02,066 992
REWE,V02,068 975
REWE,V02,068 977
REWE,V02,069 581
REWE,V02,069 581
REWE,V02,069 880
REWE,V03,084 972
REWE,V05,099 493
REWE,V02,100 983
REWE,V02,101 144
REWE,V04,101 313
REWE,V04,101 352
REWE,V03,101 393
REWE,V02,102 121
REWE,V02,102 710
REWE,V02,102 722
REWE,V02,102 792
REWE,V03,102 793
REWE,V03,102 974
REWE,V02,103 042
REWE,V04,104 396
REWE,V03,104 432
REWE,V03,104 462
REWE,V03,104 480
REWE,V03,106 552
REWE,V02,106 722
REWE,V03,106 724
REWE,V02,106 824
REWE,V03,107 023
REWE,V05,110 047
REWE,V02,119 973
REWE,V05,140 391
REWE,V04,158 096
REWE,V03,163 221
REWE,V04,186 521
REWE,V02,191 221
REWE,V02,191 830
REWE,V03,195 159
REWE,V05,201 156
REWE,V05,214 853
REWE,V05,220 730
REWE,V03,224 974
REWE,V02,246 061
REWE,V04,258 921
REWE,V05,262 338
REWE,V05,282 913
REWE,V05,285 913
REWE,V02,302 114
REWE,V03,304 782
REWE,V05,326 067
REWE,V05,331 099
REWE,V02,337 651
REWE,V02,350 294
REWE,V04,356 887
REWE,V03,372 518
REWE,V02,381 291
REWE,V05,384 092
REWE,V05,384 127
REWE,V05,392 610
REWE,V03,403 970
REWE,V05,412 727
REWE,V02,414 004
REWE,V05,437 399
REWE,V04,437 841
REWE,V05,457 164
REWE,V02,476 308
REWE,V04,479 940
REWE,V04,516 341
REWE,V02,517 649
REWE,V05,522 297
REWE,V02,545 961
REWE,V05,550 044
REWE,V05,551 958
REWE,V03,552 053
REWE,V05,565 935
REWE,V05,581 936
REWE,V05,590 748
REWE,V03,595 096
REWE,V05,601 779
REWE,V02,612 357
REWE,V05,613 386
REWE,V05,627 375
REWE,V03,635 420
REWE,V05,654 686
REWE,V04,661 349
REWE,,IVILE
REWE,,G (QUELLE)
REWE,V03,662 035
REWE,V02,679 045
REWE,V02,693 628
REWE,V05,697 574
REWE,V05,702 496
REWE,V05,702 562
REWE,V05,703 198
REWE,V05,722 572
REWE,V05,732 278
REWE,V05,764 258
REWE,V05,814 833
REWE,V03,851 391
REWE,V05,852 986
REWE,V05,883 857
REWE,V05,886 226
REWE,V05,886 409
REWE,V05,889 909
REWE,V03,911 758
REWE,V05,920 616
REWE,V02,929 661
REWE,V05,963 045
REWE,V05,963 062
REWE,V05,969 355
REWE,V04,989 443
REWE,V05,991 405
REWE,V05,Supreme 2400
REWE,V05,VC-H5012-ES13
REWE,,PRO VISION
REWE,V05,NK 101A
REWE,,PROFILO
REWE,V02,VS5PT02… 08 Serie
REWE,V02,VS5PT15
REWE,,PROGRESS
REWE,V03,Azzuro
REWE,V04,Bolido 1500
REWE,V04,Bolido 4595
REWE,V03,Calypso 1400
REWE,V03,D 10 - Diamant
REWE,V03,D 110… 112 - Diamant
REWE,V03,D 12 - Diamant
REWE,V03,D 1400 - Diamant
REWE,V03,D 200... 299 - Diamant
REWE,V03,D 400 - Diamant
REWE,V03,D 410 - Diamant
REWE,V03,D 500 - Diamant
REWE,V03,D 610 - Diamant
REWE,V03,D 710 - Diamant
REWE,V03,D 75 - Diamant
REWE,V03,D 800 - Diamant
REWE,V03,D 812 - Diamant
REWE,V03,D 850 - Diamant
REWE,V03,M 300… 399 - Diamant
REWE,V03,Maximus 2002
REWE,V03,Maximus 2200
REWE,V03,Maximus 2300
REWE,V03,Maximus 2305
REWE,V03,Onyx 120... 125 Serie
REWE,V03,"Onyx 132, 135, 137, 139"
REWE,V03,"Onyx 140, 141, 145"
REWE,V03,"Onyx 150, 155"
REWE,V03,"Onyx 160, 166"
REWE,V03,P 118A
REWE,V03,P 130
REWE,V03,P 58
REWE,V03,P 60
REWE,V03,PA 5190
REWE,V03,PA 5200
REWE,V03,PA 5205
REWE,V03,PA 8170
REWE,V03,PA 8180
REWE,V03,PA 8190
REWE,V05,PC 22 CUP
REWE,V05,PC 22 LB
REWE,V05,PC 2200... 2299 Serie
REWE,V05,PC 2300... 2399 Serie
REWE,V05,PC 2400… 2499 Serie
REWE,V05,PC 3100... 3299 Serie
REWE,V05,PC 3400... 3499 Serie
REWE,V05,PC 3700... 3799 Serie
REWE,V05,PC 3801
REWE,V05,PC 3802
REWE,V05,PC 3900... 3999 Serie
REWE,V05,PC 4100... 4199 Serie
REWE,V05,PC 4200... 4299 Serie
REWE,V05,PC 4400... 4499 Serie
REWE,V03,PC 4500... 4599 Serie
REWE,V04,PC 4600... 4699 Serie
REWE,V03,PC 6000... 6099 - Salomon
REWE,V03,PC 6110
REWE,V03,PC 6310
REWE,,PROPHETE
REWE,V05,JC 861 E
REWE,,PROTOS
REWE,V02,VS PR 5018
REWE,V02,VS PR 5081
REWE,V02,VSB 6....
REWE,,QUIGG
REWE,V05,5390
REWE,V05,BS 1400.05
REWE,V05,BS 1600 Turbo
REWE,V05,BS 1601 Turbo
REWE,,REDMOND
REWE,V05,RV 305
REWE,,ROHNSON
REWE,V05,R 194 Dual
REWE,V05,R 198 Twin
REWE,,ROLSEN
REWE,V05,T 2144
REWE,,ROTEL
REWE,V05,Marin 2000
REWE,V05,Spirossa 2000
REWE,V05,"U 61.0, 61.3, 62.31"
REWE,V05,U 61.7
REWE,V05,"U 62.4, 63.11"
REWE,V05,U 64.1 Swing
REWE,V05,U 65.08 Magnat
REWE,V05,U 65.21
REWE,,RTC
REWE,,BST ECO TEC
REWE,,V0505
REWE,,SALCO
REWE,V05,Caddy STC-1800
REWE,V05,STC-1 Caddy
REWE,V05,STC-150
REWE,V05,STC-1800 (ohne Korb)
REWE,V05,STC-2000
REWE,V05,STC-2200
REWE,V05,STC-2206
REWE,V05,STE-2 Caddy
REWE,V05,VCS-1800
REWE,V05,ZW 100-40 A Caddy
REWE,V05,ZW 100-40 Caddy
REWE,,SAMSUNG
REWE,V05,SC 1200 (>B)
REWE,V05,SC 1400 (>B)
REWE,V05,SC 20F30… Serie
REWE,V05,SC 21F60… Serie
REWE,V05,SC 4000... 4099 Serie
REWE,V05,SC 4100... SC 4199 Serie
REWE,V05,SC 5100... 5199 Serie
REWE,V05,SC 5200... 5299 Serie (>A)
REWE,V05,SC 5300... 5399 Serie
REWE,V05,SC 5400... 5499 Serie (>A)
REWE,V05,SC 5500... 5599 Serie
REWE,V05,SC 5600... 5699 Serie (>B)
REWE,V05,SC 5800... 5899 Serie
REWE,V05,SC 5900... 5999 Serie
REWE,V05,SC 6000... 6099 Serie
REWE,V05,"SC 61…, ECO Serie"
REWE,V05,SC 6100... 6199 Serie
REWE,V05,SC 6200... 6299 Serie (>B)
REWE,V05,SC 6300... 6399 Serie (>B)
REWE,V05,SC 6400... 6499 Serie
REWE,V05,SC 6800... 6899 Serie
REWE,V05,SC 7000... 7099 Serie
REWE,V05,SC 7100... 7199 Serie
REWE,V05,SC 7200... 7299 Serie
REWE,V05,SC 7400... 7499 Serie (>A)
REWE,V05,SC 7500... 7599 Serie
REWE,V05,SC 7600... 7699 Serie
REWE,V05,SC 7700... 7799 Serie
REWE,V05,SC 7800... 7899 Serie
REWE,V05,SC 7900... 7999 Serie
REWE,V05,SC 8200... 8299 Serie
REWE,V05,SC 8300... 8399 Serie
REWE,V05,SC 8600... 8699 Serie
REWE,V05,SC 8800... 8899 Serie
REWE,V05,SC 8900... 8999 Serie
REWE,V05,SC 9300... 9399 Serie
REWE,V05,Stardust
REWE,V05,Stardust Classic
REWE,V05,Stardust Modern
REWE,V05,Supero
REWE,V05,VC 07F30… Serie
REWE,V05,VC 08QHNJG… Serie
REWE,,…SAMSUNG
REWE,V05,VC 08RVNJG… Serie
REWE,V05,VC 08SRVNJG… Serie
REWE,V05,VC 08TRVNJG… Serie
REWE,V05,VC 1000 E
REWE,V05,VC 120 H
REWE,V05,VC 15F30… Serie
REWE,V05,VC 15QHNJGGT/EH
REWE,V05,VC 15RH… Serie
REWE,V05,VC 15RV… Serie
REWE,V05,VC 20F30… Serie
REWE,V05,VC 21F60… Serie
REWE,V05,VC 30F30… Serie
REWE,V05,VC 52E5V… Serie
REWE,V05,VC 54E… Serie
REWE,V05,VC 61E… Serie
REWE,V05,VC 6713…6714
REWE,V05,VC 900 E
REWE,V05,VC JG24… Serie
REWE,V05,VC24… Serie
REWE,V05,VCC 63…
REWE,V05,Veloce-Eco
REWE,V05,VP-50
REWE,V05,VP-77
REWE,V05,VP-78M
REWE,V05,VP-78M Type A
REWE,V05,VP-90
REWE,,SANYO
REWE,V05,SC 91
REWE,V05,SC 92
REWE,V05,SCT 93
REWE,,SATRAP
REWE,V05,Aspira classic 1800
REWE,V05,aspira futur 2000
REWE,,SATURN
REWE,V05,ST 1283 Irida
REWE,V05,VC 1410
REWE,,SCARLETT
REWE,V05,1082
REWE,V05,SC 088
REWE,,HAUB L
REWE,,ORENZ
REWE,V05,SL 006
REWE,V05,VC 8256
REWE,V05,VC 8263
REWE,,SENCOR
REWE,V05,SVC 400
REWE,V05,SVC 820 /BK
REWE,V05,SVC 900
REWE,,SERD
REWE,V05,VC 1500
REWE,,SEVERIN
REWE,V05,BC 7045
REWE,V05,BC 7046
REWE,V05,BC 7055
REWE,V05,BC 7058
REWE,V05,BR 7925
REWE,V05,BR 7926 (bis 2006)
REWE,V05,BR 7928
REWE,V05,BR 7929
REWE,V05,BR 7932 (ab 2006)
REWE,V02,BR 7932 (bis 2005)
REWE,V02,BR 7934
REWE,V05,BR 7935
REWE,V02,BR 7936
REWE,V02,BR 7937
REWE,V05,BR 7941… 7944 Serie
REWE,V05,BR 7945
REWE,V05,BR 7948
REWE,V05,BR 7952
REWE,V05,"BR 7953, 7954 (max.4l)"
REWE,V05,"BR 7953, 7954 (max.5l)"
REWE,V05,BR 7956
REWE,V05,BR 7957
REWE,V05,BR 7960… 7962 Serie
REWE,V05,BR 800
REWE,V05,BR 9026
REWE,V05,BR 9663
REWE,V05,BR 9664
REWE,V05,BR 9680
REWE,V05,BR 9694
REWE,V05,SB 9017
REWE,V05,SB 9023
REWE,V05,SB 9026
REWE,V02,SB 9028
REWE,V05,SB 9095
REWE,V05,S‘Power - 41586
REWE,,SIEMENS
REWE,V02,"Typ D,E,F"
REWE,V02,Typ G
REWE,V02,Typ H
REWE,V02,VS 04G... Rapid
REWE,V02,VS 05G... Synchropower
REWE,V02,VS 06… Serie
REWE,V02,VS 06B… Serie
REWE,V02,VS 06G... Green Power Techn.
REWE,V02,VS 06G… Synchropower
REWE,V02,VS 07G… Green Power
REWE,V02,VS 07G… Hygienic Power
REWE,V02,VS 07G… Technopower
REWE,V02,VS 10000... 10999 Super
REWE,V02,VS 32A00... 33A99 Super E
REWE,V02,VS 32B00... 33B99 Super E
REWE,V02,VS 33
REWE,V02,VS 42A00... 44A99 Super S
REWE,V02,VS 42B00... 44B99 Super S
REWE,V02,VS 44
REWE,V02,VS 5 A 1000... 9999
REWE,V02,VS 5 C…
REWE,V02,VS 5 E 1000... 9999
REWE,V02,VS 5 E 2000... 2999
REWE,V02,VS 5 KA  00 - dino
REWE,V02,VS 50000... 59999 Super
REWE,V02,VS 50A00... VS 59A99 dino
REWE,V02,VS 50B00... 59B99 dino
REWE,V02,VS 50C00... 59C99 dino
REWE,V02,VS 50D00... 59D99 dino
REWE,V02,VS 50E00... VS 59E99
REWE,V02,VS 60A00... 62A99
REWE,V02,VS 63A00
REWE,V02,VS 63A01... 63A06
REWE,V02,VS 63A07
REWE,V02,VS 63A08... 63A09 Super M
REWE,V02,VS 63A10... 63A99
REWE,V02,VS 69000... 69999 Super
REWE,V02,VS 70000... 71999 Super
REWE,V02,VS 70A00... 79A99 Super E
REWE,V02,VS 70B00... 79B99 Super E
REWE,V02,VS 70C00... 79C99 Super M
REWE,V02,VS 70D00... 79D99 Super M
REWE,V02,VS 90A00... 99A…
REWE,V02,VS Z1… Serie Z1.0
REWE,V02,VS Z2… Serie Z2.0
REWE,V02,VS Z3… Serie Z3.0
REWE,V02,VS Z3GP… Serie Z3.0
REWE,V02,VS Z3XTRM… Serie Z3.0
REWE,V02,VS Z4… Serie Z4.0
REWE,V02,VS Z4G… Serie Z4.0
REWE,V02,VS Z4GP… Serie Z4.0
REWE,V02,VS Z4GPX… Serie Z4.0
REWE,V02,VZ 41AFG
REWE,V02,VZ 52 AFEFD
REWE,V02,VZ 52 AFGXL
REWE,V02,VZ 92 H 61
REWE,,SILVA
REWE,V05,BS 15-100
REWE,V05,BS 24-200
REWE,V05,BS-20-250 + 251 P
REWE,V05,TB 15
REWE,,SILVERCREST
REWE,V05,SBS 1400 A1
REWE,,SIMBIO
REWE,V05,STORM
REWE,,SIMPEX
REWE,V05,12422 Red
REWE,V05,12423 Black
REWE,V05,17730 Eco Performance
REWE,V05,2000 W
REWE,V05,4710 Clean Power
REWE,V05,4711 Clean Power
REWE,V05,SVCB 216
REWE,V05,VC2410
REWE,,SINBO
REWE,V05,SVC-3438
REWE,V05,SVC-3446
REWE,V05,SVC-3449
REWE,,SINGER
REWE,V03,Force 10
REWE,V05,SVCB 4215
REWE,V05,SVCB 4527
REWE,V05,SVCB 4527 Eco
REWE,V05,SVCB 5020
REWE,,SITRONICS
REWE,V05,ST 1971
REWE,,SMC
REWE,V05,C112 M
REWE,V05,C114 E
REWE,,SOLAC
REWE,V05,"870,871"
REWE,V05,909
REWE,V05,917
REWE,V05,919
REWE,V05,100 ... 903
REWE,V05,898 ... 903
REWE,V05,A 302
REWE,V05,A 303
REWE,V05,A 401
REWE,V05,A 403
REWE,V05,A 407
REWE,V05,A 501
REWE,V05,A 802... 804 Serie
REWE,V05,AB 2700 Springtec
REWE,V05,AB 2701 New Springtec
REWE,V05,AB 2720 Springtec
REWE,V05,AB 2721 New Springtec
REWE,V05,AB 2750 Springtec
REWE,V05,AB 2751 New Springtec
REWE,V05,AB 2800 … 2899 Beagle
REWE,V05,AS 3350 Twining duo
REWE,,SPITZENREITER
REWE,V05,049185
REWE,,STANDARD-BAG
REWE,V04,"200 bis 203, 205, 206, 212 s-bag"
REWE,V04,E/GR
REWE,,SUPERIOR
REWE,V05,10101068
REWE,V05,BT-ZW 0008 (max. 4 l)
REWE,V05,BT-ZW 0008 (max. 5 l)
REWE,V05,CB-719
REWE,V05,CM-881
REWE,V05,CP-CY3601AES4
REWE,V05,CS 869J-120 (3010596… 99)
REWE,V05,FD-2014
REWE,V05,STW-005-180
REWE,V05,VC 33J-08F (>B)
REWE,,SUPPORT PLUS
REWE,V05,Dual System
REWE,V05,"Hyper Dragon (max 3,5L)"
REWE,V05,Hyper Dragon (max 4L)
REWE,V05,Power Dragon 1600
REWE,V05,SP-BSS-1600 PD
REWE,V05,SP-BSS-2000
REWE,V05,SP-BSS-2000-TD
REWE,V05,SP-VAC-04G-0223
REWE,V05,SP-VAC-04H-0289
REWE,V05,SP-VAC-05M-0606
REWE,V05,"SP-VAC-09A-0026 (max 3,5L)"
REWE,V05,SP-VAC-09A-0026 (max 4L)
REWE,V05,Turbo Dragon 2000
REWE,,SUPRA
REWE,V05,VCS 1590
REWE,,TAR
REWE,,RINGTON HOUSE
REWE,V05,VC 2500
REWE,V05,VC 3000
REWE,,TAURUS
REWE,V05,Avensis 1600
REWE,V05,Avensis 1800
REWE,V05,Avensis 2000
REWE,V05,Discovery 1200
REWE,V05,Discovery 1400 E
REWE,V05,Discovery 1600 E
REWE,V05,Discovery Serie
REWE,V05,Explorer 1400
REWE,V05,Explorer 1600
REWE,V05,Golf 1500 E (start 2004)
REWE,V05,Golf 1700 E (start 2004)
REWE,V05,Golf 1800 (start 2004)
REWE,V05,Voyager 2000
REWE,,TCHIBO
REWE,V05,TCM 03 222
REWE,V05,TCM 05 609
REWE,V05,TCM 259 397
REWE,V05,TCM 259 398
REWE,V05,TCM 266 066
REWE,V05,TCM 266 067
REWE,V05,TCM 272 253
REWE,V05,TCM 272 254
REWE,V05,TCM 280 898
REWE,V05,TCM 280 899
REWE,V05,TCM 304 024
REWE,V05,TCM 304 025
REWE,V05,TCM 59 290
REWE,V05,TCM 66 390
REWE,V05,TCM 68 578
REWE,V05,TCM 69 534
REWE,,TEAM
REWE,V05,ST 20 E
REWE,V05,ST 23 E
REWE,,TECH LINE
REWE,V02,ZW 0201
REWE,,TECHNOSTAR
REWE,V05,VC 2000 R
REWE,V05,VC 500 R
REWE,V05,VC ECOR
REWE,,TEVION
REWE,V05,AS 35
REWE,,THOMAS
REWE,V05,Blue Power
REWE,V03,Comfort
REWE,V05,Duo Power
REWE,V05,Easy Power
REWE,V03,Pico EL
REWE,V05,Turbo Power
REWE,,TIP TOP
REWE,V05,Blue Dancer
REWE,V05,BSA 1600 E
REWE,V05,BSB 1200
REWE,V05,BSC 1300
REWE,V05,BSC 1400
REWE,V05,JC 863
REWE,,TOP EDITION
REWE,V05,BS 2000 W.1
REWE,V05,VCS 1800
REWE,,TRENDLINE
REWE,V05,49708
REWE,V05,049708
REWE,,TRISA
REWE,V05,9055
REWE,V05,9084
REWE,V05,9404
REWE,V05,9412
REWE,V05,9432
REWE,V05,9441
REWE,V05,9446
REWE,V05,9454
REWE,V05,"9047, 9049"
REWE,V05,9050 Diamond
REWE,V05,9053 Crystal
REWE,V05,9056 Clean Air
REWE,V05,"9057, 9059"
REWE,V05,9061 Flat Cruiser
REWE,V05,"9062, 9063"
REWE,V05,"9075, 9076"
REWE,V05,"9401, 9402, 9403"
REWE,V05,9407 (max. 3l)
REWE,V05,9407 Maximo (max. 4l)
REWE,V05,"9410, 9411, 9413, 9418, 9419"
REWE,V05,"9426, 9428"
REWE,V05,"9430,9433, 9434"
REWE,V05,9437 bis 3439
REWE,V05,Beetle
REWE,V05,C 009 C
REWE,V05,ECO
REWE,V05,Spicy
REWE,,TRISTAR
REWE,V05,JC 802 E
REWE,V05,JC 831
REWE,V05,JC 861 E
REWE,V05,JC 862
REWE,V05,JC 901
REWE,V05,NK 101 A
REWE,V05,NK 102 A
REWE,V05,NK 191
REWE,V05,NK 193 A
REWE,V05,Power Boy 1300
REWE,V05,SZ-1901
REWE,,…TRISTAR
REWE,V05,"SZ-1909, 1909 NO"
REWE,V05,SZ-1911
REWE,V05,SZ-1912
REWE,V05,SZ-1913
REWE,V05,SZ-1914
REWE,V05,SZ-1920
REWE,V05,SZ-1930
REWE,V05,SZ-1950
REWE,V05,SZ-2158
REWE,V05,SZ-2177
REWE,V05,SZ-2178
REWE,V05,VCH 4201
REWE,V05,XX-190901
REWE,,UFESA
REWE,V02,"AC 5500,5518"
REWE,V05,"AT 4201, 4202"
REWE,V02,"AT 4211, 4212"
REWE,V02,"AT 4217, 4218"
REWE,V05,AT7310 bis 7313
REWE,,UNITED
REWE,VAX,VC 4116
REWE,V05,420 Silence
REWE,V05,430 Silence
REWE,V05,C 90-42S-H-E
REWE,V05,C 90-P1B-H-E
REWE,,VENGA
REWE,V05,VG VC 2
REWE,,VITEK
REWE,V05,VT-1805
REWE,V05,VT-1813
REWE,,VOLTA
REWE,V03,CE 950 Ecotec
REWE,V03,CE Compact 2
REWE,V03,CE Power
REWE,V05,Dolphin Plus …
REWE,V03,Exquisit
REWE,V03,Parketto
REWE,V03,Red Zac EL
REWE,V03,U 1000... 1009 Micro
REWE,V03,U 1004 Rolfy
REWE,V03,U 1010... 1037 Rolfy
REWE,V05,U 2300 bis 2399 (start 2010)
REWE,V05,"U 3201, 3202"
REWE,V05,"U 3210, 3410"
REWE,V05,"U 3420, 3440, 3450"
REWE,V04,U 3600 bis 3699 Pluto
REWE,V05,U 3700 bis 3799
REWE,V05,U 3900 bis 3999
REWE,V03,"U 400, 401, 404, 405"
REWE,V03,U 4111
REWE,V03,"U 412, 414, 416"
REWE,V05,"U 4210, 4220"
REWE,V03,"U 4401, 4402, 4405, 4406, 4408"
REWE,V04,U 4410 bis 4499 Quickstop
REWE,V04,U 4500 bis 4599 Bolido
REWE,V04,U 4600 bis 4699 Control
REWE,V05,"U 5002, 5003"
REWE,V03,"U 5005, 5507 Ultima"
REWE,V03,"U 5006, 5008 Mega"
REWE,V04,U 5400 bis 5499 Essensio
REWE,V04,U 6200 bis 6299 Modelys
REWE,V04,U 6400 bis 6499 AirMax
REWE,V04,U 6800 bis 6899 JetMaxx
REWE,V04,U 68FD 1 bis 9 JetMaxx
REWE,V04,U 7500 bis 7599 Maximus
REWE,V04,UC 6100 bis 6199 AirMax
REWE,V04,UC 6410 bis 6430 AirMax
REWE,V05,VC-N02BV
REWE,V05,VC-N02CV
REWE,,WAVES
REWE,V05,VC 100689
REWE,V05,VC 101965
REWE,V05,VC 15001
REWE,V05,VC-102573
REWE,V05,VC-103137.1
REWE,V05,VC-103919.1
REWE,V05,VC-160007
REWE,,WELLTON
REWE,V05,WVC-101
REWE,,WELTSTAR
REWE,V05,1200... 1999
REWE,V05,1420L
REWE,V05,1421
REWE,V05,1490L...1491
REWE,V05,1510
REWE,V05,2014 L… 2015
REWE,,WERTHEIM
REWE,V04,5030
REWE,V04,5035
REWE,,ZAFIR
REWE,V05,BS 1500 MBO
REWE,,ZANUSSI
REWE,V04,S-Bag
REWE,V04,Standard-Bag
REWE,V05,ZAN 2200… 2299 Serie
REWE,V05,ZAN 2300… 2399 Serie
REWE,V05,ZAN 2400… 2499 Serie
REWE,V05,ZAN 3002 CompactPower
REWE,V05,ZAN 3010
REWE,V05,ZAN 3015T
REWE,V05,ZAN 3020
REWE,V05,ZAN 3020R
REWE,V05,ZAN 3400… 3499 Serie
REWE,V04,ZAN 3600… 3630 Serie
REWE,V05,ZAN 3700… 3799 Serie
REWE,V05,ZAN 3900… 3999 Serie
REWE,V04,ZAN 4610… 4640 Serie
REWE,V04,ZAN 7700… 7799 Serie
